date,item,demand_qty,revenue,txn_count
2023-01-01,cake,10.0,30.0,3
2023-01-02,cake,7.0,21.0,3
2023-01-03,cake,18.0,47.0,5
2023-01-04,cake,4.0,17.0,2
2023-01-05,cake,9.0,27.0,3
2023-01-06,cake,4.0,12.0,1
2023-01-07,cake,5.0,15.0,1
2023-01-08,cake,19.0,53.0,6
2023-01-09,cake,3.0,3.0,1
2023-01-10,cake,11.0,33.0,3
2023-01-11,cake,7.0,21.0,3
2023-01-12,cake,7.0,21.0,3
2023-01-13,cake,13.0,39.0,5
2023-01-14,cake,5.0,8.0,1
2023-01-15,cake,3.0,9.0,2
2023-01-16,cake,3.0,9.0,1
2023-01-17,cake,14.0,41.0,6
2023-01-18,cake,9.0,27.0,4
2023-01-19,cake,13.0,39.0,3
2023-01-20,cake,16.0,48.0,5
2023-01-21,cake,15.0,45.0,6
2023-01-22,cake,0.0,0.0,0
2023-01-23,cake,4.0,12.0,1
2023-01-24,cake,4.0,12.0,1
2023-01-25,cake,14.0,42.0,4
2023-01-26,cake,5.0,15.0,2
2023-01-27,cake,6.0,18.0,2
2023-01-28,cake,20.0,60.0,5
2023-01-29,cake,14.0,36.0,4
2023-01-30,cake,20.0,60.0,6
2023-01-31,cake,7.0,21.0,3
2023-02-01,cake,11.0,33.0,4
2023-02-02,cake,4.0,12.0,2
2023-02-03,cake,16.0,48.0,4
2023-02-04,cake,0.0,0.0,0
2023-02-05,cake,13.0,39.0,3
2023-02-06,cake,199.0,594.0,60
2023-02-07,cake,7.0,21.0,3
2023-02-08,cake,4.0,12.0,3
2023-02-09,cake,11.0,33.0,3
2023-02-10,cake,6.0,18.0,2
2023-02-11,cake,19.0,57.0,7
2023-02-12,cake,5.0,15.0,2
2023-02-13,cake,6.0,18.0,2
2023-02-14,cake,7.0,21.0,2
2023-02-15,cake,5.0,15.0,1
2023-02-16,cake,14.0,47.0,4
2023-02-17,cake,0.0,0.0,0
2023-02-18,cake,10.0,30.0,3
2023-02-19,cake,23.0,71.0,7
2023-02-20,cake,9.0,27.0,3
2023-02-21,cake,19.0,53.0,5
2023-02-22,cake,2.0,6.0,1
2023-02-23,cake,2.0,6.0,1
2023-02-24,cake,1.0,3.0,1
2023-02-25,cake,7.0,21.0,2
2023-02-26,cake,4.0,12.0,2
2023-02-27,cake,11.0,33.0,4
2023-02-28,cake,2.0,6.0,1
2023-03-01,cake,9.0,29.0,5
2023-03-02,cake,5.0,15.0,3
2023-03-03,cake,8.0,27.0,3
2023-03-04,cake,3.0,9.0,2
2023-03-05,cake,10.0,30.0,3
2023-03-06,cake,11.0,33.0,4
2023-03-07,cake,17.0,51.0,5
2023-03-08,cake,9.0,27.0,3
2023-03-09,cake,7.0,21.0,4
2023-03-10,cake,7.0,14.0,2
2023-03-11,cake,0.0,0.0,0
2023-03-12,cake,8.0,24.0,2
2023-03-13,cake,18.0,48.0,9
2023-03-14,cake,12.0,36.0,5
2023-03-15,cake,5.0,15.0,2
2023-03-16,cake,19.0,57.0,5
2023-03-17,cake,16.0,42.0,5
2023-03-18,cake,17.0,50.0,5
2023-03-19,cake,13.0,41.0,7
2023-03-20,cake,1.0,3.0,1
2023-03-21,cake,9.0,26.0,3
2023-03-22,cake,2.0,11.0,2
2023-03-23,cake,24.0,72.0,7
2023-03-24,cake,7.0,21.0,2
2023-03-25,cake,12.0,36.0,3
2023-03-26,cake,2.0,6.0,1
2023-03-27,cake,2.0,8.0,1
2023-03-28,cake,4.0,9.0,2
2023-03-29,cake,6.0,14.0,2
2023-03-30,cake,2.0,6.0,2
2023-03-31,cake,5.0,15.0,1
2023-04-01,cake,13.0,35.0,4
2023-04-02,cake,19.0,60.0,6
2023-04-03,cake,2.0,6.0,1
2023-04-04,cake,2.0,11.0,2
2023-04-05,cake,11.0,33.0,3
2023-04-06,cake,25.0,72.0,7
2023-04-07,cake,5.0,15.0,1
2023-04-08,cake,11.0,33.0,4
2023-04-09,cake,21.0,63.0,5
2023-04-10,cake,12.0,29.0,5
2023-04-11,cake,20.0,60.0,7
2023-04-12,cake,6.0,18.0,2
2023-04-13,cake,11.0,29.0,4
2023-04-14,cake,9.0,33.0,3
2023-04-15,cake,9.0,27.0,3
2023-04-16,cake,0.0,0.0,0
2023-04-17,cake,10.0,30.0,3
2023-04-18,cake,3.0,9.0,1
2023-04-19,cake,8.0,21.0,3
2023-04-20,cake,9.0,27.0,2
2023-04-21,cake,13.0,45.0,4
2023-04-22,cake,3.0,9.0,1
2023-04-23,cake,4.0,12.0,3
2023-04-24,cake,10.0,30.0,2
2023-04-25,cake,4.0,11.0,2
2023-04-26,cake,0.0,0.0,0
2023-04-27,cake,8.0,21.0,2
2023-04-28,cake,5.0,15.0,1
2023-04-29,cake,2.0,6.0,1
2023-04-30,cake,15.0,45.0,5
2023-05-01,cake,0.0,0.0,0
2023-05-02,cake,3.0,9.0,1
2023-05-03,cake,4.0,18.0,2
2023-05-04,cake,10.0,30.0,4
2023-05-05,cake,9.0,27.0,4
2023-05-06,cake,9.0,27.0,2
2023-05-07,cake,0.0,0.0,0
2023-05-08,cake,7.0,21.0,2
2023-05-09,cake,8.0,24.0,2
2023-05-10,cake,2.0,6.0,1
2023-05-11,cake,21.0,63.0,6
2023-05-12,cake,8.0,24.0,2
2023-05-13,cake,8.0,24.0,2
2023-05-14,cake,3.0,9.0,1
2023-05-15,cake,17.0,57.0,7
2023-05-16,cake,22.0,66.0,6
2023-05-17,cake,0.0,0.0,0
2023-05-18,cake,8.0,24.0,3
2023-05-19,cake,5.0,15.0,1
2023-05-20,cake,5.0,15.0,2
2023-05-21,cake,4.0,12.0,1
2023-05-22,cake,19.0,57.0,4
2023-05-23,cake,16.0,48.0,6
2023-05-24,cake,6.0,18.0,3
2023-05-25,cake,3.0,9.0,2
2023-05-26,cake,15.0,45.0,4
2023-05-27,cake,19.0,57.0,5
2023-05-28,cake,18.0,54.0,4
2023-05-29,cake,4.0,12.0,1
2023-05-30,cake,19.0,57.0,5
2023-05-31,cake,5.0,15.0,2
2023-06-01,cake,1.0,3.0,1
2023-06-02,cake,10.0,30.0,4
2023-06-03,cake,9.0,27.0,2
2023-06-04,cake,6.0,18.0,2
2023-06-05,cake,0.0,0.0,0
2023-06-06,cake,14.0,42.0,5
2023-06-07,cake,4.0,12.0,2
2023-06-08,cake,10.0,30.0,3
2023-06-09,cake,24.0,68.0,6
2023-06-10,cake,9.0,20.0,4
2023-06-11,cake,3.0,9.0,2
2023-06-12,cake,7.0,21.0,3
2023-06-13,cake,4.0,12.0,2
2023-06-14,cake,13.0,39.0,4
2023-06-15,cake,24.0,72.0,6
2023-06-16,cake,15.0,45.0,4
2023-06-17,cake,0.0,0.0,0
2023-06-18,cake,4.0,12.0,2
2023-06-19,cake,6.0,18.0,2
2023-06-20,cake,4.0,12.0,1
2023-06-21,cake,9.0,27.0,3
2023-06-22,cake,9.0,27.0,3
2023-06-23,cake,11.0,36.0,4
2023-06-24,cake,3.0,9.0,1
2023-06-25,cake,0.0,0.0,0
2023-06-26,cake,11.0,33.0,5
2023-06-27,cake,16.0,48.0,4
2023-06-28,cake,12.0,36.0,3
2023-06-29,cake,11.0,33.0,3
2023-06-30,cake,9.0,27.0,3
2023-07-01,cake,3.0,9.0,2
2023-07-02,cake,16.0,48.0,4
2023-07-03,cake,0.0,0.0,0
2023-07-04,cake,12.0,36.0,3
2023-07-05,cake,15.0,45.0,3
2023-07-06,cake,9.0,27.0,3
2023-07-07,cake,3.0,9.0,1
2023-07-08,cake,5.0,15.0,3
2023-07-09,cake,9.0,27.0,3
2023-07-10,cake,3.0,9.0,3
2023-07-11,cake,8.0,26.0,3
2023-07-12,cake,11.0,33.0,4
2023-07-13,cake,5.0,15.0,3
2023-07-14,cake,12.0,36.0,3
2023-07-15,cake,7.0,21.0,3
2023-07-16,cake,2.0,6.0,1
2023-07-17,cake,12.0,36.0,4
2023-07-18,cake,10.0,30.0,5
2023-07-19,cake,15.0,50.0,5
2023-07-20,cake,7.0,21.0,5
2023-07-21,cake,21.0,68.0,8
2023-07-22,cake,0.0,0.0,0
2023-07-23,cake,0.0,0.0,0
2023-07-24,cake,21.0,63.0,6
2023-07-25,cake,12.0,36.0,3
2023-07-26,cake,7.0,21.0,2
2023-07-27,cake,0.0,0.0,0
2023-07-28,cake,1.0,3.0,1
2023-07-29,cake,5.0,15.0,2
2023-07-30,cake,4.0,12.0,1
2023-07-31,cake,3.0,9.0,1
2023-08-01,cake,5.0,15.0,1
2023-08-02,cake,5.0,15.0,2
2023-08-03,cake,13.0,39.0,4
2023-08-04,cake,12.0,36.0,4
2023-08-05,cake,12.0,36.0,4
2023-08-06,cake,11.0,33.0,3
2023-08-07,cake,22.0,66.0,6
2023-08-08,cake,4.0,18.0,2
2023-08-09,cake,3.0,9.0,1
2023-08-10,cake,18.0,54.0,5
2023-08-11,cake,10.0,30.0,3
2023-08-12,cake,26.0,78.0,7
2023-08-13,cake,9.0,27.0,2
2023-08-14,cake,22.0,66.0,6
2023-08-15,cake,7.0,21.0,2
2023-08-16,cake,15.0,45.0,4
2023-08-17,cake,8.0,18.0,3
2023-08-18,cake,0.0,0.0,0
2023-08-19,cake,0.0,0.0,0
2023-08-20,cake,3.0,9.0,1
2023-08-21,cake,7.0,21.0,2
2023-08-22,cake,6.0,18.0,2
2023-08-23,cake,2.0,6.0,2
2023-08-24,cake,3.0,9.0,1
2023-08-25,cake,9.0,27.0,3
2023-08-26,cake,5.0,15.0,2
2023-08-27,cake,19.0,57.0,6
2023-08-28,cake,2.0,6.0,1
2023-08-29,cake,8.0,24.0,3
2023-08-30,cake,4.0,12.0,1
2023-08-31,cake,8.0,24.0,4
2023-09-01,cake,2.0,6.0,1
2023-09-02,cake,6.0,18.0,2
2023-09-03,cake,7.0,21.0,3
2023-09-04,cake,9.0,20.0,3
2023-09-05,cake,11.0,27.0,4
2023-09-06,cake,23.0,62.0,6
2023-09-07,cake,9.0,29.0,4
2023-09-08,cake,11.0,39.0,4
2023-09-09,cake,10.0,33.0,4
2023-09-10,cake,10.0,30.0,3
2023-09-11,cake,5.0,8.0,1
2023-09-12,cake,2.0,6.0,1
2023-09-13,cake,4.0,12.0,2
2023-09-14,cake,13.0,38.0,6
2023-09-15,cake,25.0,74.0,7
2023-09-16,cake,10.0,30.0,4
2023-09-17,cake,6.0,18.0,4
2023-09-18,cake,14.0,42.0,3
2023-09-19,cake,5.0,15.0,1
2023-09-20,cake,1.0,3.0,1
2023-09-21,cake,19.0,54.0,6
2023-09-22,cake,8.0,24.0,2
2023-09-23,cake,6.0,18.0,4
2023-09-24,cake,4.0,12.0,2
2023-09-25,cake,7.0,21.0,3
2023-09-26,cake,17.0,51.0,6
2023-09-27,cake,0.0,0.0,0
2023-09-28,cake,9.0,22.0,3
2023-09-29,cake,22.0,72.0,7
2023-09-30,cake,13.0,39.0,4
2023-10-01,cake,15.0,45.0,5
2023-10-02,cake,8.0,24.0,3
2023-10-03,cake,16.0,48.0,5
2023-10-04,cake,18.0,54.0,4
2023-10-05,cake,4.0,12.0,1
2023-10-06,cake,14.0,47.0,5
2023-10-07,cake,6.0,18.0,2
2023-10-08,cake,8.0,24.0,2
2023-10-09,cake,1.0,3.0,1
2023-10-10,cake,9.0,23.0,3
2023-10-11,cake,12.0,39.0,4
2023-10-12,cake,0.0,0.0,0
2023-10-13,cake,14.0,41.0,5
2023-10-14,cake,7.0,21.0,3
2023-10-15,cake,14.0,42.0,5
2023-10-16,cake,3.0,9.0,1
2023-10-17,cake,17.0,50.0,5
2023-10-18,cake,0.0,0.0,0
2023-10-19,cake,11.0,41.0,5
2023-10-20,cake,4.0,12.0,1
2023-10-21,cake,12.0,35.0,4
2023-10-22,cake,30.0,90.0,10
2023-10-23,cake,6.0,18.0,2
2023-10-24,cake,16.0,48.0,4
2023-10-25,cake,11.0,33.0,3
2023-10-26,cake,9.0,27.0,3
2023-10-27,cake,9.0,27.0,2
2023-10-28,cake,10.0,29.0,3
2023-10-29,cake,0.0,0.0,0
2023-10-30,cake,17.0,51.0,5
2023-10-31,cake,13.0,39.0,4
2023-11-01,cake,4.0,12.0,2
2023-11-02,cake,5.0,15.0,1
2023-11-03,cake,4.0,12.0,2
2023-11-04,cake,15.0,51.0,5
2023-11-05,cake,0.0,0.0,0
2023-11-06,cake,23.0,69.0,9
2023-11-07,cake,14.0,42.0,4
2023-11-08,cake,13.0,39.0,5
2023-11-09,cake,16.0,48.0,4
2023-11-10,cake,16.0,48.0,4
2023-11-11,cake,10.0,30.0,2
2023-11-12,cake,5.0,15.0,3
2023-11-13,cake,15.0,45.0,5
2023-11-14,cake,18.0,54.0,4
2023-11-15,cake,0.0,0.0,0
2023-11-16,cake,12.0,36.0,4
2023-11-17,cake,16.0,48.0,6
2023-11-18,cake,7.0,21.0,3
2023-11-19,cake,6.0,18.0,2
2023-11-20,cake,6.0,14.0,2
2023-11-21,cake,3.0,9.0,1
2023-11-22,cake,14.0,41.0,4
2023-11-23,cake,12.0,36.0,5
2023-11-24,cake,10.0,23.0,2
2023-11-25,cake,9.0,27.0,3
2023-11-26,cake,18.0,54.0,4
2023-11-27,cake,1.0,3.0,1
2023-11-28,cake,5.0,15.0,2
2023-11-29,cake,20.0,60.0,5
2023-11-30,cake,10.0,30.0,3
2023-12-01,cake,11.0,32.0,4
2023-12-02,cake,8.0,24.0,2
2023-12-03,cake,14.0,42.0,4
2023-12-04,cake,9.0,27.0,2
2023-12-05,cake,7.0,21.0,2
2023-12-06,cake,14.0,39.0,4
2023-12-07,cake,5.0,15.0,2
2023-12-08,cake,5.0,15.0,2
2023-12-09,cake,22.0,66.0,5
2023-12-10,cake,2.0,6.0,2
2023-12-11,cake,0.0,0.0,0
2023-12-12,cake,8.0,24.0,4
2023-12-13,cake,3.0,9.0,1
2023-12-14,cake,11.0,33.0,4
2023-12-15,cake,4.0,12.0,2
2023-12-16,cake,8.0,24.0,3
2023-12-17,cake,7.0,21.0,3
2023-12-18,cake,5.0,15.0,1
2023-12-19,cake,8.0,24.0,2
2023-12-20,cake,10.0,26.0,4
2023-12-21,cake,4.0,12.0,3
2023-12-22,cake,16.0,48.0,5
2023-12-23,cake,5.0,15.0,1
2023-12-24,cake,10.0,30.0,2
2023-12-25,cake,8.0,11.0,2
2023-12-26,cake,16.0,48.0,4
2023-12-27,cake,4.0,12.0,1
2023-12-28,cake,15.0,45.0,4
2023-12-29,cake,8.0,29.0,5
2023-12-30,cake,6.0,21.0,2
2023-12-31,cake,8.0,24.0,3
2023-01-01,coffee,16.0,28.0,5
2023-01-02,coffee,3.0,6.0,1
2023-01-03,coffee,3.0,6.0,1
2023-01-04,coffee,12.0,24.0,5
2023-01-05,coffee,14.0,28.0,3
2023-01-06,coffee,23.0,52.0,7
2023-01-07,coffee,1.0,2.0,1
2023-01-08,coffee,10.0,20.0,2
2023-01-09,coffee,22.0,44.0,6
2023-01-10,coffee,13.0,30.0,5
2023-01-11,coffee,8.0,16.0,2
2023-01-12,coffee,5.0,10.0,2
2023-01-13,coffee,9.0,18.0,3
2023-01-14,coffee,4.0,8.0,1
2023-01-15,coffee,8.0,18.0,3
2023-01-16,coffee,8.0,16.0,3
2023-01-17,coffee,3.0,6.0,1
2023-01-18,coffee,8.0,16.0,2
2023-01-19,coffee,6.0,12.0,2
2023-01-20,coffee,10.0,20.0,3
2023-01-21,coffee,12.0,24.0,3
2023-01-22,coffee,10.0,20.0,3
2023-01-23,coffee,7.0,14.0,3
2023-01-24,coffee,2.0,4.0,1
2023-01-25,coffee,12.0,24.0,4
2023-01-26,coffee,8.0,16.0,3
2023-01-27,coffee,6.0,12.0,2
2023-01-28,coffee,5.0,10.0,2
2023-01-29,coffee,5.0,10.0,3
2023-01-30,coffee,8.0,16.0,3
2023-01-31,coffee,20.0,36.0,5
2023-02-01,coffee,3.0,6.0,1
2023-02-02,coffee,10.0,20.0,3
2023-02-03,coffee,28.0,56.0,7
2023-02-04,coffee,6.0,12.0,3
2023-02-05,coffee,3.0,8.0,1
2023-02-06,coffee,137.0,284.0,46
2023-02-07,coffee,8.0,16.0,2
2023-02-08,coffee,4.0,8.0,1
2023-02-09,coffee,22.0,44.0,6
2023-02-10,coffee,12.0,24.0,5
2023-02-11,coffee,5.0,10.0,1
2023-02-12,coffee,0.0,0.0,0
2023-02-13,coffee,18.0,36.0,5
2023-02-14,coffee,20.0,40.0,5
2023-02-15,coffee,9.0,18.0,2
2023-02-16,coffee,4.0,8.0,1
2023-02-17,coffee,3.0,6.0,2
2023-02-18,coffee,23.0,46.0,6
2023-02-19,coffee,10.0,18.0,3
2023-02-20,coffee,13.0,26.0,4
2023-02-21,coffee,19.0,38.0,4
2023-02-22,coffee,17.0,34.0,6
2023-02-23,coffee,2.0,4.0,1
2023-02-24,coffee,6.0,12.0,4
2023-02-25,coffee,8.0,16.0,2
2023-02-26,coffee,5.0,10.0,1
2023-02-27,coffee,5.0,10.0,1
2023-02-28,coffee,12.0,24.0,4
2023-03-01,coffee,5.0,16.0,2
2023-03-02,coffee,22.0,44.0,6
2023-03-03,coffee,19.0,38.0,6
2023-03-04,coffee,4.0,8.0,1
2023-03-05,coffee,6.0,12.0,2
2023-03-06,coffee,23.0,44.0,5
2023-03-07,coffee,15.0,32.0,5
2023-03-08,coffee,7.0,14.0,3
2023-03-09,coffee,5.0,10.0,2
2023-03-10,coffee,7.0,14.0,3
2023-03-11,coffee,5.0,10.0,1
2023-03-12,coffee,4.0,12.0,2
2023-03-13,coffee,8.0,16.0,2
2023-03-14,coffee,11.0,22.0,3
2023-03-15,coffee,11.0,20.0,3
2023-03-16,coffee,23.0,46.0,6
2023-03-17,coffee,13.0,26.0,4
2023-03-18,coffee,9.0,18.0,3
2023-03-19,coffee,6.0,12.0,2
2023-03-20,coffee,11.0,22.0,3
2023-03-21,coffee,9.0,18.0,3
2023-03-22,coffee,6.0,12.0,2
2023-03-23,coffee,5.0,10.0,1
2023-03-24,coffee,11.0,22.0,4
2023-03-25,coffee,8.0,16.0,2
2023-03-26,coffee,15.0,30.0,6
2023-03-27,coffee,16.0,32.0,6
2023-03-28,coffee,6.0,12.0,2
2023-03-29,coffee,11.0,22.0,3
2023-03-30,coffee,14.0,28.0,5
2023-03-31,coffee,7.0,14.0,2
2023-04-01,coffee,24.0,48.0,7
2023-04-02,coffee,8.0,16.0,4
2023-04-03,coffee,13.0,26.0,3
2023-04-04,coffee,5.0,10.0,1
2023-04-05,coffee,15.0,30.0,5
2023-04-06,coffee,2.0,4.0,2
2023-04-07,coffee,8.0,22.0,4
2023-04-08,coffee,2.0,4.0,1
2023-04-09,coffee,11.0,22.0,3
2023-04-10,coffee,4.0,8.0,2
2023-04-11,coffee,9.0,14.0,3
2023-04-12,coffee,5.0,10.0,2
2023-04-13,coffee,4.0,12.0,2
2023-04-14,coffee,5.0,10.0,1
2023-04-15,coffee,10.0,20.0,6
2023-04-16,coffee,15.0,30.0,5
2023-04-17,coffee,13.0,24.0,4
2023-04-18,coffee,15.0,30.0,4
2023-04-19,coffee,8.0,16.0,2
2023-04-20,coffee,8.0,16.0,3
2023-04-21,coffee,10.0,20.0,4
2023-04-22,coffee,3.0,6.0,1
2023-04-23,coffee,13.0,22.0,4
2023-04-24,coffee,13.0,26.0,3
2023-04-25,coffee,9.0,20.0,3
2023-04-26,coffee,1.0,2.0,1
2023-04-27,coffee,0.0,0.0,0
2023-04-28,coffee,5.0,10.0,1
2023-04-29,coffee,13.0,26.0,3
2023-04-30,coffee,11.0,22.0,3
2023-05-01,coffee,3.0,6.0,2
2023-05-02,coffee,12.0,24.0,4
2023-05-03,coffee,13.0,26.0,3
2023-05-04,coffee,10.0,20.0,3
2023-05-05,coffee,25.0,50.0,7
2023-05-06,coffee,2.0,4.0,1
2023-05-07,coffee,2.0,4.0,1
2023-05-08,coffee,3.0,6.0,1
2023-05-09,coffee,7.0,14.0,2
2023-05-10,coffee,0.0,0.0,0
2023-05-11,coffee,8.0,16.0,2
2023-05-12,coffee,5.0,10.0,1
2023-05-13,coffee,1.0,2.0,1
2023-05-14,coffee,5.0,10.0,3
2023-05-15,coffee,12.0,22.0,3
2023-05-16,coffee,7.0,18.0,2
2023-05-17,coffee,6.0,12.0,3
2023-05-18,coffee,9.0,18.0,6
2023-05-19,coffee,19.0,38.0,5
2023-05-20,coffee,8.0,16.0,3
2023-05-21,coffee,14.0,28.0,5
2023-05-22,coffee,10.0,20.0,2
2023-05-23,coffee,8.0,16.0,3
2023-05-24,coffee,4.0,8.0,2
2023-05-25,coffee,6.0,12.0,2
2023-05-26,coffee,12.0,24.0,3
2023-05-27,coffee,14.0,28.0,4
2023-05-28,coffee,11.0,22.0,3
2023-05-29,coffee,5.0,10.0,2
2023-05-30,coffee,6.0,12.0,3
2023-05-31,coffee,3.0,6.0,1
2023-06-01,coffee,11.0,22.0,3
2023-06-02,coffee,8.0,16.0,3
2023-06-03,coffee,25.0,52.0,7
2023-06-04,coffee,8.0,16.0,3
2023-06-05,coffee,10.0,20.0,4
2023-06-06,coffee,2.0,4.0,2
2023-06-07,coffee,8.0,16.0,2
2023-06-08,coffee,14.0,28.0,5
2023-06-09,coffee,4.0,8.0,1
2023-06-10,coffee,12.0,26.0,4
2023-06-11,coffee,10.0,20.0,4
2023-06-12,coffee,1.0,2.0,1
2023-06-13,coffee,15.0,30.0,4
2023-06-14,coffee,15.0,30.0,4
2023-06-15,coffee,3.0,6.0,1
2023-06-16,coffee,5.0,10.0,2
2023-06-17,coffee,8.0,16.0,4
2023-06-18,coffee,19.0,34.0,6
2023-06-19,coffee,0.0,0.0,0
2023-06-20,coffee,7.0,14.0,2
2023-06-21,coffee,11.0,22.0,4
2023-06-22,coffee,7.0,14.0,2
2023-06-23,coffee,12.0,24.0,4
2023-06-24,coffee,26.0,48.0,7
2023-06-25,coffee,2.0,4.0,1
2023-06-26,coffee,11.0,22.0,4
2023-06-27,coffee,3.0,6.0,1
2023-06-28,coffee,8.0,16.0,3
2023-06-29,coffee,20.0,40.0,6
2023-06-30,coffee,16.0,32.0,7
2023-07-01,coffee,15.0,30.0,5
2023-07-02,coffee,18.0,34.0,4
2023-07-03,coffee,9.0,24.0,4
2023-07-04,coffee,13.0,28.0,4
2023-07-05,coffee,8.0,16.0,2
2023-07-06,coffee,5.0,10.0,1
2023-07-07,coffee,1.0,2.0,1
2023-07-08,coffee,8.0,14.0,2
2023-07-09,coffee,10.0,20.0,3
2023-07-10,coffee,0.0,0.0,0
2023-07-11,coffee,4.0,8.0,2
2023-07-12,coffee,7.0,14.0,2
2023-07-13,coffee,0.0,0.0,0
2023-07-14,coffee,1.0,2.0,1
2023-07-15,coffee,12.0,26.0,5
2023-07-16,coffee,18.0,34.0,6
2023-07-17,coffee,3.0,6.0,1
2023-07-18,coffee,11.0,20.0,4
2023-07-19,coffee,5.0,10.0,2
2023-07-20,coffee,9.0,18.0,4
2023-07-21,coffee,30.0,64.0,8
2023-07-22,coffee,4.0,8.0,2
2023-07-23,coffee,3.0,6.0,2
2023-07-24,coffee,23.0,48.0,7
2023-07-25,coffee,10.0,24.0,3
2023-07-26,coffee,19.0,38.0,5
2023-07-27,coffee,10.0,16.0,3
2023-07-28,coffee,11.0,22.0,3
2023-07-29,coffee,7.0,16.0,2
2023-07-30,coffee,10.0,20.0,2
2023-07-31,coffee,8.0,16.0,2
2023-08-01,coffee,0.0,0.0,0
2023-08-02,coffee,14.0,28.0,5
2023-08-03,coffee,11.0,26.0,3
2023-08-04,coffee,10.0,20.0,2
2023-08-05,coffee,9.0,18.0,3
2023-08-06,coffee,4.0,8.0,2
2023-08-07,coffee,14.0,28.0,5
2023-08-08,coffee,8.0,18.0,2
2023-08-09,coffee,13.0,24.0,5
2023-08-10,coffee,17.0,34.0,5
2023-08-11,coffee,9.0,18.0,2
2023-08-12,coffee,4.0,8.0,2
2023-08-13,coffee,12.0,24.0,5
2023-08-14,coffee,21.0,42.0,7
2023-08-15,coffee,5.0,12.0,2
2023-08-16,coffee,2.0,4.0,1
2023-08-17,coffee,17.0,38.0,5
2023-08-18,coffee,10.0,24.0,3
2023-08-19,coffee,7.0,14.0,3
2023-08-20,coffee,2.0,4.0,1
2023-08-21,coffee,15.0,30.0,6
2023-08-22,coffee,10.0,20.0,3
2023-08-23,coffee,15.0,30.0,5
2023-08-24,coffee,12.0,24.0,4
2023-08-25,coffee,13.0,26.0,3
2023-08-26,coffee,12.0,24.0,3
2023-08-27,coffee,0.0,0.0,0
2023-08-28,coffee,0.0,0.0,0
2023-08-29,coffee,12.0,28.0,4
2023-08-30,coffee,16.0,32.0,5
2023-08-31,coffee,5.0,10.0,1
2023-09-01,coffee,9.0,18.0,3
2023-09-02,coffee,6.0,12.0,2
2023-09-03,coffee,6.0,12.0,2
2023-09-04,coffee,3.0,6.0,1
2023-09-05,coffee,10.0,20.0,3
2023-09-06,coffee,3.0,6.0,1
2023-09-07,coffee,7.0,14.0,2
2023-09-08,coffee,12.0,22.0,5
2023-09-09,coffee,12.0,24.0,5
2023-09-10,coffee,18.0,36.0,8
2023-09-11,coffee,10.0,20.0,3
2023-09-12,coffee,7.0,14.0,3
2023-09-13,coffee,12.0,30.0,4
2023-09-14,coffee,3.0,6.0,1
2023-09-15,coffee,21.0,40.0,6
2023-09-16,coffee,5.0,10.0,2
2023-09-17,coffee,3.0,6.0,1
2023-09-18,coffee,9.0,20.0,3
2023-09-19,coffee,14.0,28.0,5
2023-09-20,coffee,7.0,12.0,2
2023-09-21,coffee,5.0,10.0,1
2023-09-22,coffee,6.0,12.0,2
2023-09-23,coffee,18.0,36.0,5
2023-09-24,coffee,2.0,4.0,1
2023-09-25,coffee,6.0,12.0,2
2023-09-26,coffee,5.0,10.0,1
2023-09-27,coffee,5.0,12.0,2
2023-09-28,coffee,0.0,0.0,0
2023-09-29,coffee,3.0,6.0,2
2023-09-30,coffee,4.0,8.0,2
2023-10-01,coffee,3.0,6.0,2
2023-10-02,coffee,6.0,12.0,3
2023-10-03,coffee,3.0,6.0,2
2023-10-04,coffee,15.0,30.0,3
2023-10-05,coffee,8.0,16.0,4
2023-10-06,coffee,13.0,26.0,5
2023-10-07,coffee,15.0,26.0,4
2023-10-08,coffee,14.0,28.0,5
2023-10-09,coffee,7.0,14.0,2
2023-10-10,coffee,14.0,30.0,4
2023-10-11,coffee,12.0,24.0,3
2023-10-12,coffee,12.0,24.0,4
2023-10-13,coffee,2.0,4.0,2
2023-10-14,coffee,5.0,10.0,3
2023-10-15,coffee,12.0,28.0,4
2023-10-16,coffee,5.0,10.0,3
2023-10-17,coffee,13.0,28.0,3
2023-10-18,coffee,12.0,24.0,4
2023-10-19,coffee,0.0,0.0,0
2023-10-20,coffee,20.0,40.0,5
2023-10-21,coffee,13.0,34.0,6
2023-10-22,coffee,25.0,50.0,7
2023-10-23,coffee,11.0,22.0,3
2023-10-24,coffee,9.0,18.0,5
2023-10-25,coffee,15.0,32.0,5
2023-10-26,coffee,21.0,44.0,7
2023-10-27,coffee,12.0,24.0,4
2023-10-28,coffee,7.0,14.0,2
2023-10-29,coffee,12.0,24.0,4
2023-10-30,coffee,18.0,36.0,5
2023-10-31,coffee,5.0,10.0,2
2023-11-01,coffee,3.0,6.0,1
2023-11-02,coffee,12.0,20.0,5
2023-11-03,coffee,2.0,4.0,1
2023-11-04,coffee,6.0,12.0,4
2023-11-05,coffee,5.0,10.0,2
2023-11-06,coffee,9.0,18.0,2
2023-11-07,coffee,2.0,10.0,2
2023-11-08,coffee,10.0,24.0,4
2023-11-09,coffee,0.0,0.0,0
2023-11-10,coffee,9.0,18.0,3
2023-11-11,coffee,6.0,14.0,2
2023-11-12,coffee,5.0,10.0,1
2023-11-13,coffee,12.0,24.0,5
2023-11-14,coffee,18.0,36.0,5
2023-11-15,coffee,9.0,20.0,5
2023-11-16,coffee,8.0,16.0,2
2023-11-17,coffee,8.0,16.0,3
2023-11-18,coffee,5.0,10.0,1
2023-11-19,coffee,11.0,22.0,6
2023-11-20,coffee,4.0,8.0,1
2023-11-21,coffee,13.0,26.0,4
2023-11-22,coffee,2.0,4.0,1
2023-11-23,coffee,10.0,20.0,2
2023-11-24,coffee,6.0,12.0,3
2023-11-25,coffee,9.0,16.0,3
2023-11-26,coffee,14.0,26.0,4
2023-11-27,coffee,13.0,26.0,4
2023-11-28,coffee,9.0,16.0,3
2023-11-29,coffee,14.0,28.0,6
2023-11-30,coffee,12.0,24.0,3
2023-12-01,coffee,6.0,10.0,3
2023-12-02,coffee,19.0,38.0,6
2023-12-03,coffee,22.0,44.0,6
2023-12-04,coffee,17.0,34.0,4
2023-12-05,coffee,10.0,18.0,3
2023-12-06,coffee,14.0,34.0,5
2023-12-07,coffee,11.0,18.0,4
2023-12-08,coffee,18.0,36.0,5
2023-12-09,coffee,20.0,40.0,7
2023-12-10,coffee,12.0,24.0,4
2023-12-11,coffee,6.0,12.0,2
2023-12-12,coffee,7.0,14.0,3
2023-12-13,coffee,0.0,0.0,0
2023-12-14,coffee,5.0,10.0,2
2023-12-15,coffee,10.0,20.0,4
2023-12-16,coffee,16.0,32.0,4
2023-12-17,coffee,2.0,4.0,2
2023-12-18,coffee,8.0,16.0,4
2023-12-19,coffee,16.0,34.0,5
2023-12-20,coffee,9.0,18.0,3
2023-12-21,coffee,21.0,42.0,5
2023-12-22,coffee,4.0,8.0,2
2023-12-23,coffee,5.0,10.0,2
2023-12-24,coffee,17.0,34.0,5
2023-12-25,coffee,7.0,16.0,3
2023-12-26,coffee,4.0,8.0,2
2023-12-27,coffee,11.0,22.0,4
2023-12-28,coffee,10.0,20.0,3
2023-12-29,coffee,0.0,0.0,0
2023-12-30,coffee,8.0,16.0,2
2023-12-31,coffee,1.0,8.0,1
2023-01-01,cookie,4.0,4.0,1
2023-01-02,cookie,12.0,13.0,3
2023-01-03,cookie,4.0,4.0,3
2023-01-04,cookie,4.0,4.0,1
2023-01-05,cookie,7.0,7.0,3
2023-01-06,cookie,6.0,13.0,2
2023-01-07,cookie,23.0,21.0,9
2023-01-08,cookie,4.0,4.0,1
2023-01-09,cookie,7.0,7.0,2
2023-01-10,cookie,7.0,7.0,3
2023-01-11,cookie,4.0,4.0,1
2023-01-12,cookie,5.0,5.0,2
2023-01-13,cookie,4.0,4.0,1
2023-01-14,cookie,18.0,18.0,6
2023-01-15,cookie,7.0,7.0,2
2023-01-16,cookie,7.0,7.0,2
2023-01-17,cookie,17.0,17.0,4
2023-01-18,cookie,10.0,10.0,3
2023-01-19,cookie,14.0,19.0,5
2023-01-20,cookie,8.0,13.0,2
2023-01-21,cookie,3.0,3.0,1
2023-01-22,cookie,3.0,3.0,1
2023-01-23,cookie,2.0,2.0,2
2023-01-24,cookie,4.0,4.0,1
2023-01-25,cookie,4.0,4.0,1
2023-01-26,cookie,15.0,20.0,4
2023-01-27,cookie,12.0,12.0,5
2023-01-28,cookie,5.0,5.0,2
2023-01-29,cookie,23.0,23.0,8
2023-01-30,cookie,4.0,4.0,2
2023-01-31,cookie,2.0,2.0,1
2023-02-01,cookie,14.0,14.0,4
2023-02-02,cookie,1.0,1.0,1
2023-02-03,cookie,5.0,5.0,2
2023-02-04,cookie,15.0,15.0,4
2023-02-05,cookie,3.0,3.0,1
2023-02-06,cookie,175.0,206.0,63
2023-02-07,cookie,24.0,25.0,7
2023-02-08,cookie,13.0,13.0,4
2023-02-09,cookie,0.0,0.0,0
2023-02-10,cookie,5.0,5.0,2
2023-02-11,cookie,4.0,4.0,2
2023-02-12,cookie,10.0,10.0,3
2023-02-13,cookie,8.0,8.0,3
2023-02-14,cookie,15.0,15.0,3
2023-02-15,cookie,14.0,14.0,4
2023-02-16,cookie,8.0,8.0,4
2023-02-17,cookie,3.0,3.0,1
2023-02-18,cookie,3.0,10.0,2
2023-02-19,cookie,10.0,10.0,2
2023-02-20,cookie,3.0,3.0,2
2023-02-21,cookie,4.0,4.0,1
2023-02-22,cookie,0.0,0.0,0
2023-02-23,cookie,4.0,4.0,2
2023-02-24,cookie,2.0,2.0,1
2023-02-25,cookie,10.0,10.0,4
2023-02-26,cookie,12.0,12.0,5
2023-02-27,cookie,11.0,18.0,3
2023-02-28,cookie,0.0,0.0,0
2023-03-01,cookie,9.0,9.0,3
2023-03-02,cookie,16.0,16.0,5
2023-03-03,cookie,5.0,5.0,1
2023-03-04,cookie,17.0,17.0,6
2023-03-05,cookie,5.0,5.0,3
2023-03-06,cookie,5.0,5.0,2
2023-03-07,cookie,12.0,14.0,3
2023-03-08,cookie,26.0,26.0,7
2023-03-09,cookie,5.0,5.0,1
2023-03-10,cookie,14.0,18.0,4
2023-03-11,cookie,4.0,4.0,2
2023-03-12,cookie,0.0,0.0,0
2023-03-13,cookie,11.0,11.0,6
2023-03-14,cookie,12.0,12.0,4
2023-03-15,cookie,14.0,14.0,5
2023-03-16,cookie,1.0,1.0,1
2023-03-17,cookie,0.0,0.0,0
2023-03-18,cookie,14.0,20.0,5
2023-03-19,cookie,3.0,2.0,1
2023-03-20,cookie,15.0,15.0,6
2023-03-21,cookie,12.0,12.0,4
2023-03-22,cookie,5.0,5.0,1
2023-03-23,cookie,0.0,0.0,0
2023-03-24,cookie,11.0,11.0,4
2023-03-25,cookie,4.0,8.0,1
2023-03-26,cookie,12.0,12.0,3
2023-03-27,cookie,8.0,6.0,2
2023-03-28,cookie,9.0,9.0,3
2023-03-29,cookie,3.0,3.0,1
2023-03-30,cookie,9.0,9.0,4
2023-03-31,cookie,9.0,9.0,5
2023-04-01,cookie,9.0,9.0,2
2023-04-02,cookie,24.0,33.0,7
2023-04-03,cookie,8.0,8.0,2
2023-04-04,cookie,2.0,2.0,1
2023-04-05,cookie,3.0,3.0,2
2023-04-06,cookie,20.0,26.0,6
2023-04-07,cookie,0.0,0.0,0
2023-04-08,cookie,13.0,13.0,4
2023-04-09,cookie,9.0,9.0,2
2023-04-10,cookie,0.0,0.0,0
2023-04-11,cookie,0.0,0.0,0
2023-04-12,cookie,10.0,10.0,3
2023-04-13,cookie,3.0,3.0,1
2023-04-14,cookie,10.0,8.0,3
2023-04-15,cookie,1.0,1.0,1
2023-04-16,cookie,4.0,4.0,1
2023-04-17,cookie,2.0,2.0,1
2023-04-18,cookie,4.0,4.0,1
2023-04-19,cookie,6.0,13.0,2
2023-04-20,cookie,18.0,25.0,6
2023-04-21,cookie,7.0,7.0,3
2023-04-22,cookie,2.0,2.0,1
2023-04-23,cookie,9.0,15.0,4
2023-04-24,cookie,10.0,10.0,2
2023-04-25,cookie,4.0,11.0,2
2023-04-26,cookie,0.0,0.0,0
2023-04-27,cookie,6.0,6.0,2
2023-04-28,cookie,14.0,12.0,6
2023-04-29,cookie,10.0,12.0,4
2023-04-30,cookie,10.0,10.0,4
2023-05-01,cookie,6.0,6.0,3
2023-05-02,cookie,15.0,15.0,4
2023-05-03,cookie,12.0,12.0,3
2023-05-04,cookie,5.0,5.0,1
2023-05-05,cookie,10.0,17.0,6
2023-05-06,cookie,14.0,14.0,5
2023-05-07,cookie,1.0,1.0,1
2023-05-08,cookie,5.0,3.0,2
2023-05-09,cookie,3.0,3.0,1
2023-05-10,cookie,7.0,7.0,2
2023-05-11,cookie,14.0,16.0,4
2023-05-12,cookie,18.0,16.0,5
2023-05-13,cookie,11.0,11.0,3
2023-05-14,cookie,3.0,3.0,2
2023-05-15,cookie,10.0,10.0,3
2023-05-16,cookie,9.0,9.0,3
2023-05-17,cookie,13.0,13.0,4
2023-05-18,cookie,11.0,10.0,3
2023-05-19,cookie,10.0,15.0,3
2023-05-20,cookie,13.0,13.0,3
2023-05-21,cookie,9.0,7.0,4
2023-05-22,cookie,11.0,11.0,4
2023-05-23,cookie,2.0,2.0,1
2023-05-24,cookie,0.0,0.0,0
2023-05-25,cookie,8.0,8.0,2
2023-05-26,cookie,8.0,8.0,3
2023-05-27,cookie,1.0,1.0,1
2023-05-28,cookie,8.0,8.0,3
2023-05-29,cookie,10.0,10.0,3
2023-05-30,cookie,13.0,13.0,3
2023-05-31,cookie,9.0,9.0,3
2023-06-01,cookie,20.0,20.0,5
2023-06-02,cookie,18.0,18.0,7
2023-06-03,cookie,0.0,0.0,0
2023-06-04,cookie,13.0,13.0,4
2023-06-05,cookie,15.0,15.0,4
2023-06-06,cookie,13.0,13.0,5
2023-06-07,cookie,2.0,2.0,2
2023-06-08,cookie,4.0,4.0,1
2023-06-09,cookie,6.0,6.0,3
2023-06-10,cookie,2.0,2.0,2
2023-06-11,cookie,13.0,13.0,3
2023-06-12,cookie,8.0,8.0,4
2023-06-13,cookie,4.0,4.0,1
2023-06-14,cookie,5.0,5.0,1
2023-06-15,cookie,5.0,5.0,2
2023-06-16,cookie,1.0,8.0,1
2023-06-17,cookie,16.0,14.0,5
2023-06-18,cookie,19.0,19.0,7
2023-06-19,cookie,4.0,4.0,1
2023-06-20,cookie,8.0,8.0,3
2023-06-21,cookie,9.0,9.0,2
2023-06-22,cookie,3.0,3.0,1
2023-06-23,cookie,12.0,15.0,3
2023-06-24,cookie,6.0,6.0,2
2023-06-25,cookie,9.0,9.0,3
2023-06-26,cookie,5.0,5.0,3
2023-06-27,cookie,13.0,13.0,5
2023-06-28,cookie,4.0,4.0,1
2023-06-29,cookie,15.0,15.0,4
2023-06-30,cookie,5.0,5.0,2
2023-07-01,cookie,7.0,7.0,3
2023-07-02,cookie,15.0,16.0,4
2023-07-03,cookie,14.0,17.0,3
2023-07-04,cookie,12.0,12.0,3
2023-07-05,cookie,11.0,16.0,4
2023-07-06,cookie,6.0,6.0,2
2023-07-07,cookie,10.0,10.0,3
2023-07-08,cookie,9.0,9.0,4
2023-07-09,cookie,12.0,12.0,5
2023-07-10,cookie,8.0,8.0,2
2023-07-11,cookie,10.0,13.0,3
2023-07-12,cookie,8.0,14.0,6
2023-07-13,cookie,6.0,6.0,2
2023-07-14,cookie,5.0,3.0,2
2023-07-15,cookie,4.0,4.0,3
2023-07-16,cookie,7.0,7.0,2
2023-07-17,cookie,10.0,8.0,3
2023-07-18,cookie,12.0,13.0,3
2023-07-19,cookie,14.0,18.0,5
2023-07-20,cookie,6.0,8.0,2
2023-07-21,cookie,17.0,17.0,5
2023-07-22,cookie,0.0,0.0,0
2023-07-23,cookie,13.0,13.0,3
2023-07-24,cookie,7.0,11.0,2
2023-07-25,cookie,8.0,8.0,3
2023-07-26,cookie,15.0,18.0,5
2023-07-27,cookie,6.0,10.0,2
2023-07-28,cookie,19.0,19.0,5
2023-07-29,cookie,10.0,10.0,3
2023-07-30,cookie,3.0,3.0,2
2023-07-31,cookie,12.0,12.0,5
2023-08-01,cookie,3.0,3.0,1
2023-08-02,cookie,7.0,7.0,2
2023-08-03,cookie,0.0,0.0,0
2023-08-04,cookie,15.0,20.0,6
2023-08-05,cookie,8.0,8.0,2
2023-08-06,cookie,17.0,17.0,5
2023-08-07,cookie,11.0,11.0,4
2023-08-08,cookie,7.0,8.0,2
2023-08-09,cookie,11.0,11.0,3
2023-08-10,cookie,0.0,0.0,0
2023-08-11,cookie,9.0,9.0,3
2023-08-12,cookie,10.0,10.0,3
2023-08-13,cookie,7.0,7.0,2
2023-08-14,cookie,11.0,11.0,4
2023-08-15,cookie,11.0,11.0,3
2023-08-16,cookie,11.0,11.0,3
2023-08-17,cookie,19.0,19.0,5
2023-08-18,cookie,9.0,9.0,3
2023-08-19,cookie,12.0,19.0,4
2023-08-20,cookie,5.0,5.0,2
2023-08-21,cookie,9.0,9.0,3
2023-08-22,cookie,10.0,10.0,3
2023-08-23,cookie,7.0,7.0,2
2023-08-24,cookie,7.0,7.0,3
2023-08-25,cookie,2.0,2.0,1
2023-08-26,cookie,6.0,6.0,3
2023-08-27,cookie,10.0,10.0,3
2023-08-28,cookie,4.0,4.0,1
2023-08-29,cookie,5.0,5.0,2
2023-08-30,cookie,0.0,0.0,0
2023-08-31,cookie,8.0,8.0,2
2023-09-01,cookie,20.0,20.0,6
2023-09-02,cookie,6.0,6.0,2
2023-09-03,cookie,0.0,0.0,0
2023-09-04,cookie,11.0,11.0,4
2023-09-05,cookie,5.0,5.0,1
2023-09-06,cookie,6.0,6.0,2
2023-09-07,cookie,4.0,4.0,2
2023-09-08,cookie,3.0,3.0,1
2023-09-09,cookie,16.0,16.0,5
2023-09-10,cookie,7.0,7.0,2
2023-09-11,cookie,4.0,4.0,2
2023-09-12,cookie,8.0,8.0,3
2023-09-13,cookie,13.0,16.0,4
2023-09-14,cookie,4.0,4.0,2
2023-09-15,cookie,1.0,1.0,1
2023-09-16,cookie,7.0,7.0,3
2023-09-17,cookie,13.0,13.0,6
2023-09-18,cookie,5.0,5.0,2
2023-09-19,cookie,8.0,10.0,2
2023-09-20,cookie,4.0,4.0,2
2023-09-21,cookie,21.0,31.0,6
2023-09-22,cookie,4.0,4.0,1
2023-09-23,cookie,16.0,16.0,4
2023-09-24,cookie,8.0,8.0,4
2023-09-25,cookie,3.0,4.0,1
2023-09-26,cookie,12.0,12.0,3
2023-09-27,cookie,15.0,15.0,4
2023-09-28,cookie,14.0,19.0,4
2023-09-29,cookie,9.0,9.0,2
2023-09-30,cookie,9.0,9.0,3
2023-10-01,cookie,4.0,4.0,1
2023-10-02,cookie,15.0,15.0,4
2023-10-03,cookie,10.0,10.0,4
2023-10-04,cookie,8.0,8.0,3
2023-10-05,cookie,6.0,6.0,3
2023-10-06,cookie,5.0,5.0,1
2023-10-07,cookie,14.0,14.0,3
2023-10-08,cookie,10.0,10.0,4
2023-10-09,cookie,6.0,16.0,2
2023-10-10,cookie,7.0,7.0,2
2023-10-11,cookie,1.0,1.0,1
2023-10-12,cookie,15.0,15.0,5
2023-10-13,cookie,10.0,17.0,4
2023-10-14,cookie,3.0,3.0,1
2023-10-15,cookie,17.0,19.0,5
2023-10-16,cookie,24.0,24.0,7
2023-10-17,cookie,6.0,6.0,3
2023-10-18,cookie,8.0,8.0,2
2023-10-19,cookie,10.0,10.0,3
2023-10-20,cookie,5.0,5.0,1
2023-10-21,cookie,9.0,18.0,3
2023-10-22,cookie,2.0,2.0,1
2023-10-23,cookie,3.0,8.0,1
2023-10-24,cookie,5.0,5.0,3
2023-10-25,cookie,18.0,18.0,5
2023-10-26,cookie,4.0,4.0,2
2023-10-27,cookie,13.0,13.0,4
2023-10-28,cookie,9.0,14.0,4
2023-10-29,cookie,2.0,2.0,1
2023-10-30,cookie,7.0,6.0,3
2023-10-31,cookie,2.0,2.0,1
2023-11-01,cookie,13.0,13.0,5
2023-11-02,cookie,6.0,6.0,3
2023-11-03,cookie,11.0,11.0,5
2023-11-04,cookie,1.0,1.0,1
2023-11-05,cookie,13.0,12.0,4
2023-11-06,cookie,8.0,8.0,3
2023-11-07,cookie,20.0,23.0,6
2023-11-08,cookie,9.0,9.0,4
2023-11-09,cookie,25.0,23.0,7
2023-11-10,cookie,12.0,12.0,5
2023-11-11,cookie,8.0,12.0,2
2023-11-12,cookie,22.0,25.0,6
2023-11-13,cookie,0.0,0.0,0
2023-11-14,cookie,11.0,11.0,4
2023-11-15,cookie,17.0,20.0,5
2023-11-16,cookie,2.0,2.0,1
2023-11-17,cookie,4.0,4.0,1
2023-11-18,cookie,14.0,19.0,4
2023-11-19,cookie,9.0,12.0,3
2023-11-20,cookie,4.0,10.0,2
2023-11-21,cookie,5.0,5.0,2
2023-11-22,cookie,7.0,7.0,3
2023-11-23,cookie,9.0,9.0,3
2023-11-24,cookie,8.0,13.0,4
2023-11-25,cookie,10.0,10.0,4
2023-11-26,cookie,9.0,9.0,4
2023-11-27,cookie,5.0,5.0,2
2023-11-28,cookie,10.0,10.0,4
2023-11-29,cookie,10.0,10.0,3
2023-11-30,cookie,10.0,15.0,3
2023-12-01,cookie,7.0,10.0,3
2023-12-02,cookie,5.0,5.0,2
2023-12-03,cookie,7.0,7.0,2
2023-12-04,cookie,15.0,15.0,5
2023-12-05,cookie,6.0,6.0,2
2023-12-06,cookie,14.0,14.0,5
2023-12-07,cookie,10.0,10.0,4
2023-12-08,cookie,2.0,2.0,1
2023-12-09,cookie,14.0,14.0,5
2023-12-10,cookie,7.0,7.0,2
2023-12-11,cookie,12.0,12.0,4
2023-12-12,cookie,5.0,5.0,1
2023-12-13,cookie,2.0,2.0,1
2023-12-14,cookie,10.0,8.0,3
2023-12-15,cookie,7.0,7.0,3
2023-12-16,cookie,2.0,2.0,1
2023-12-17,cookie,9.0,10.0,3
2023-12-18,cookie,9.0,13.0,3
2023-12-19,cookie,9.0,9.0,2
2023-12-20,cookie,4.0,4.0,2
2023-12-21,cookie,11.0,11.0,5
2023-12-22,cookie,14.0,14.0,3
2023-12-23,cookie,3.0,3.0,1
2023-12-24,cookie,10.0,10.0,3
2023-12-25,cookie,8.0,8.0,2
2023-12-26,cookie,7.0,7.0,2
2023-12-27,cookie,12.0,12.0,3
2023-12-28,cookie,10.0,9.0,3
2023-12-29,cookie,7.0,7.0,2
2023-12-30,cookie,11.0,11.0,4
2023-12-31,cookie,8.0,8.0,2
2023-01-01,juice,6.0,18.0,2
2023-01-02,juice,0.0,0.0,0
2023-01-03,juice,13.0,35.0,4
2023-01-04,juice,12.0,40.0,4
2023-01-05,juice,18.0,46.5,5
2023-01-06,juice,13.0,24.5,4
2023-01-07,juice,5.0,15.0,3
2023-01-08,juice,10.0,30.0,3
2023-01-09,juice,7.0,12.0,3
2023-01-10,juice,23.0,72.0,7
2023-01-11,juice,4.0,12.0,3
2023-01-12,juice,23.0,70.0,7
2023-01-13,juice,12.0,41.0,3
2023-01-14,juice,21.0,55.0,6
2023-01-15,juice,11.0,33.0,3
2023-01-16,juice,8.0,26.0,4
2023-01-17,juice,18.0,47.0,6
2023-01-18,juice,5.0,15.0,1
2023-01-19,juice,5.0,15.0,1
2023-01-20,juice,4.0,6.0,3
2023-01-21,juice,12.0,36.0,3
2023-01-22,juice,25.0,61.0,7
2023-01-23,juice,13.0,38.0,4
2023-01-24,juice,14.0,42.0,4
2023-01-25,juice,20.0,60.0,8
2023-01-26,juice,9.0,27.0,3
2023-01-27,juice,20.0,59.0,6
2023-01-28,juice,10.0,23.0,3
2023-01-29,juice,2.0,6.0,2
2023-01-30,juice,29.0,81.0,8
2023-01-31,juice,10.0,30.0,3
2023-02-01,juice,4.0,18.0,2
2023-02-02,juice,11.0,39.0,4
2023-02-03,juice,18.0,61.0,8
2023-02-04,juice,10.0,22.0,4
2023-02-05,juice,5.0,15.0,3
2023-02-06,juice,250.0,740.0,73
2023-02-07,juice,13.0,45.0,4
2023-02-08,juice,1.0,4.0,1
2023-02-09,juice,12.0,32.0,4
2023-02-10,juice,9.0,32.0,2
2023-02-11,juice,9.0,27.0,2
2023-02-12,juice,7.0,21.0,3
2023-02-13,juice,14.0,42.0,4
2023-02-14,juice,8.0,27.0,3
2023-02-15,juice,19.0,57.0,7
2023-02-16,juice,12.0,35.0,4
2023-02-17,juice,10.0,36.0,3
2023-02-18,juice,13.0,31.5,3
2023-02-19,juice,16.0,44.0,5
2023-02-20,juice,17.0,51.0,5
2023-02-21,juice,13.0,39.0,4
2023-02-22,juice,8.0,24.0,3
2023-02-23,juice,6.0,18.0,2
2023-02-24,juice,25.0,75.0,7
2023-02-25,juice,16.0,53.0,6
2023-02-26,juice,9.0,26.0,4
2023-02-27,juice,14.0,42.0,6
2023-02-28,juice,19.0,62.0,5
2023-03-01,juice,7.0,23.0,4
2023-03-02,juice,5.0,15.0,1
2023-03-03,juice,10.0,27.0,4
2023-03-04,juice,15.0,45.0,4
2023-03-05,juice,6.0,18.0,2
2023-03-06,juice,10.0,36.0,4
2023-03-07,juice,7.0,21.0,2
2023-03-08,juice,7.0,21.0,3
2023-03-09,juice,15.0,45.0,4
2023-03-10,juice,14.0,51.0,6
2023-03-11,juice,6.0,18.0,2
2023-03-12,juice,11.0,20.0,4
2023-03-13,juice,13.0,39.0,6
2023-03-14,juice,6.0,18.0,3
2023-03-15,juice,14.0,46.0,5
2023-03-16,juice,20.0,53.0,6
2023-03-17,juice,10.0,35.0,3
2023-03-18,juice,4.0,9.0,2
2023-03-19,juice,19.0,54.0,6
2023-03-20,juice,9.0,27.0,4
2023-03-21,juice,17.0,51.0,5
2023-03-22,juice,2.0,6.0,1
2023-03-23,juice,19.0,50.0,6
2023-03-24,juice,8.0,24.0,2
2023-03-25,juice,20.0,56.0,7
2023-03-26,juice,20.0,54.0,8
2023-03-27,juice,14.0,42.0,5
2023-03-28,juice,19.0,57.0,6
2023-03-29,juice,6.0,13.0,2
2023-03-30,juice,25.0,70.0,8
2023-03-31,juice,22.0,59.0,6
2023-04-01,juice,12.0,24.0,3
2023-04-02,juice,19.0,57.0,5
2023-04-03,juice,7.0,21.0,3
2023-04-04,juice,14.0,44.0,4
2023-04-05,juice,14.0,35.0,5
2023-04-06,juice,8.0,24.0,2
2023-04-07,juice,14.0,42.0,3
2023-04-08,juice,16.0,43.0,5
2023-04-09,juice,10.0,32.0,3
2023-04-10,juice,19.0,57.0,5
2023-04-11,juice,25.0,73.0,7
2023-04-12,juice,8.0,24.0,3
2023-04-13,juice,3.0,9.0,2
2023-04-14,juice,27.0,71.0,8
2023-04-15,juice,11.0,32.0,3
2023-04-16,juice,19.0,46.0,5
2023-04-17,juice,15.0,41.0,5
2023-04-18,juice,13.0,34.0,4
2023-04-19,juice,13.0,42.0,5
2023-04-20,juice,20.0,59.0,6
2023-04-21,juice,15.0,47.0,5
2023-04-22,juice,10.0,37.0,3
2023-04-23,juice,19.0,64.0,7
2023-04-24,juice,24.0,72.0,7
2023-04-25,juice,8.0,24.0,3
2023-04-26,juice,12.0,44.0,3
2023-04-27,juice,4.0,4.0,1
2023-04-28,juice,1.0,3.0,1
2023-04-29,juice,1.0,3.0,1
2023-04-30,juice,20.0,60.0,6
2023-05-01,juice,9.0,29.0,4
2023-05-02,juice,6.0,18.0,4
2023-05-03,juice,14.0,42.0,4
2023-05-04,juice,20.0,65.0,6
2023-05-05,juice,17.0,46.0,5
2023-05-06,juice,18.0,57.0,5
2023-05-07,juice,13.0,45.0,4
2023-05-08,juice,10.0,30.0,5
2023-05-09,juice,17.0,48.0,5
2023-05-10,juice,11.0,37.0,4
2023-05-11,juice,17.0,51.0,5
2023-05-12,juice,6.0,18.0,2
2023-05-13,juice,20.0,60.0,6
2023-05-14,juice,11.0,33.0,3
2023-05-15,juice,12.0,36.0,4
2023-05-16,juice,4.0,8.0,1
2023-05-17,juice,9.0,27.5,3
2023-05-18,juice,12.0,36.0,3
2023-05-19,juice,5.0,15.0,2
2023-05-20,juice,10.0,38.0,4
2023-05-21,juice,22.0,62.0,7
2023-05-22,juice,10.0,34.0,3
2023-05-23,juice,1.0,3.0,1
2023-05-24,juice,16.0,48.0,5
2023-05-25,juice,8.0,24.0,3
2023-05-26,juice,2.0,4.5,2
2023-05-27,juice,8.0,20.0,2
2023-05-28,juice,8.0,24.0,3
2023-05-29,juice,11.0,39.0,4
2023-05-30,juice,11.0,41.0,4
2023-05-31,juice,14.0,47.0,6
2023-06-01,juice,12.0,36.0,4
2023-06-02,juice,27.0,70.0,6
2023-06-03,juice,14.0,47.0,5
2023-06-04,juice,5.0,15.0,1
2023-06-05,juice,8.0,29.0,3
2023-06-06,juice,9.0,27.0,2
2023-06-07,juice,9.0,21.0,4
2023-06-08,juice,20.0,55.0,6
2023-06-09,juice,15.0,44.0,4
2023-06-10,juice,7.0,26.0,2
2023-06-11,juice,26.0,78.0,7
2023-06-12,juice,7.0,25.0,4
2023-06-13,juice,14.0,48.0,4
2023-06-14,juice,7.0,21.0,3
2023-06-15,juice,10.0,26.0,3
2023-06-16,juice,14.0,32.0,5
2023-06-17,juice,14.0,42.0,4
2023-06-18,juice,11.0,39.0,5
2023-06-19,juice,14.0,46.0,4
2023-06-20,juice,14.0,44.0,5
2023-06-21,juice,5.0,11.0,2
2023-06-22,juice,11.0,35.0,3
2023-06-23,juice,11.0,39.0,3
2023-06-24,juice,12.0,32.0,6
2023-06-25,juice,14.0,30.0,6
2023-06-26,juice,16.0,45.0,4
2023-06-27,juice,7.0,21.0,3
2023-06-28,juice,31.0,94.0,8
2023-06-29,juice,11.0,35.0,4
2023-06-30,juice,18.0,54.0,7
2023-07-01,juice,4.0,14.0,2
2023-07-02,juice,14.0,38.0,4
2023-07-03,juice,10.0,30.0,3
2023-07-04,juice,20.0,78.0,8
2023-07-05,juice,12.0,36.0,5
2023-07-06,juice,4.0,12.0,1
2023-07-07,juice,10.0,30.0,4
2023-07-08,juice,8.0,24.0,3
2023-07-09,juice,8.0,23.0,4
2023-07-10,juice,18.0,51.5,6
2023-07-11,juice,0.0,0.0,0
2023-07-12,juice,5.0,14.0,2
2023-07-13,juice,3.0,6.0,1
2023-07-14,juice,18.0,58.0,5
2023-07-15,juice,0.0,0.0,0
2023-07-16,juice,6.0,18.0,3
2023-07-17,juice,5.0,14.0,2
2023-07-18,juice,11.0,33.0,3
2023-07-19,juice,10.0,25.0,6
2023-07-20,juice,12.0,40.0,4
2023-07-21,juice,8.0,18.0,3
2023-07-22,juice,4.0,12.0,1
2023-07-23,juice,12.0,37.0,4
2023-07-24,juice,8.0,24.0,3
2023-07-25,juice,3.0,9.0,1
2023-07-26,juice,5.0,19.0,2
2023-07-27,juice,10.0,35.0,3
2023-07-28,juice,15.0,40.0,4
2023-07-29,juice,11.0,35.0,5
2023-07-30,juice,9.0,27.0,3
2023-07-31,juice,11.0,27.0,3
2023-08-01,juice,0.0,0.0,0
2023-08-02,juice,3.0,9.0,1
2023-08-03,juice,11.0,43.0,4
2023-08-04,juice,16.0,44.5,5
2023-08-05,juice,9.0,27.0,3
2023-08-06,juice,14.0,46.0,5
2023-08-07,juice,11.0,32.0,4
2023-08-08,juice,4.0,7.0,2
2023-08-09,juice,9.0,32.0,3
2023-08-10,juice,7.0,21.0,2
2023-08-11,juice,10.0,30.0,4
2023-08-12,juice,14.0,42.0,3
2023-08-13,juice,20.0,52.5,5
2023-08-14,juice,20.0,65.0,7
2023-08-15,juice,17.0,41.0,5
2023-08-16,juice,15.0,45.0,5
2023-08-17,juice,12.0,39.0,4
2023-08-18,juice,21.0,63.0,6
2023-08-19,juice,9.0,30.0,4
2023-08-20,juice,3.0,9.0,2
2023-08-21,juice,14.0,42.0,5
2023-08-22,juice,13.0,36.0,3
2023-08-23,juice,14.0,46.0,4
2023-08-24,juice,7.0,27.0,3
2023-08-25,juice,5.0,10.5,2
2023-08-26,juice,3.0,7.0,2
2023-08-27,juice,11.0,39.0,5
2023-08-28,juice,5.0,18.0,2
2023-08-29,juice,11.0,32.0,3
2023-08-30,juice,8.0,24.0,3
2023-08-31,juice,9.0,30.0,3
2023-09-01,juice,18.0,51.0,4
2023-09-02,juice,9.0,30.0,4
2023-09-03,juice,14.0,47.0,5
2023-09-04,juice,9.0,36.0,3
2023-09-05,juice,0.0,0.0,0
2023-09-06,juice,19.0,54.0,6
2023-09-07,juice,23.0,70.0,7
2023-09-08,juice,25.0,81.0,8
2023-09-09,juice,11.0,32.0,4
2023-09-10,juice,6.0,18.0,2
2023-09-11,juice,11.0,33.0,6
2023-09-12,juice,4.0,9.0,2
2023-09-13,juice,7.0,25.0,3
2023-09-14,juice,6.0,17.0,2
2023-09-15,juice,12.0,28.5,4
2023-09-16,juice,16.0,38.0,4
2023-09-17,juice,3.0,10.0,2
2023-09-18,juice,15.0,45.0,3
2023-09-19,juice,18.0,53.0,6
2023-09-20,juice,13.0,39.0,3
2023-09-21,juice,22.0,59.0,6
2023-09-22,juice,7.0,21.0,3
2023-09-23,juice,4.0,12.0,2
2023-09-24,juice,4.0,14.0,2
2023-09-25,juice,8.0,24.0,3
2023-09-26,juice,9.0,30.0,4
2023-09-27,juice,15.0,45.0,7
2023-09-28,juice,11.0,33.0,4
2023-09-29,juice,2.0,6.0,1
2023-09-30,juice,5.0,9.0,2
2023-10-01,juice,12.0,36.0,4
2023-10-02,juice,14.0,42.0,4
2023-10-03,juice,9.0,28.0,3
2023-10-04,juice,13.0,28.5,4
2023-10-05,juice,8.0,24.0,2
2023-10-06,juice,8.0,24.0,2
2023-10-07,juice,8.0,24.0,2
2023-10-08,juice,21.0,63.0,7
2023-10-09,juice,12.0,32.0,5
2023-10-10,juice,7.0,21.0,2
2023-10-11,juice,18.0,45.0,5
2023-10-12,juice,4.0,12.0,2
2023-10-13,juice,18.0,44.0,6
2023-10-14,juice,7.0,21.0,3
2023-10-15,juice,4.0,12.0,1
2023-10-16,juice,7.0,26.0,6
2023-10-17,juice,1.0,3.0,1
2023-10-18,juice,0.0,0.0,0
2023-10-19,juice,10.0,30.0,3
2023-10-20,juice,15.0,42.0,6
2023-10-21,juice,18.0,50.0,5
2023-10-22,juice,9.0,24.0,3
2023-10-23,juice,13.0,39.0,4
2023-10-24,juice,11.0,29.0,5
2023-10-25,juice,26.0,58.0,8
2023-10-26,juice,13.0,45.0,4
2023-10-27,juice,12.0,37.0,4
2023-10-28,juice,28.0,90.0,7
2023-10-29,juice,19.0,60.0,5
2023-10-30,juice,21.0,63.0,6
2023-10-31,juice,9.0,27.0,4
2023-11-01,juice,12.0,34.0,4
2023-11-02,juice,19.0,65.0,9
2023-11-03,juice,14.0,42.0,6
2023-11-04,juice,12.0,37.0,5
2023-11-05,juice,9.0,27.0,4
2023-11-06,juice,16.0,42.0,6
2023-11-07,juice,22.0,64.0,8
2023-11-08,juice,3.0,6.0,1
2023-11-09,juice,2.0,6.0,1
2023-11-10,juice,10.0,30.0,3
2023-11-11,juice,5.0,15.0,2
2023-11-12,juice,18.0,54.0,5
2023-11-13,juice,10.0,35.0,2
2023-11-14,juice,9.0,27.0,4
2023-11-15,juice,21.0,60.0,5
2023-11-16,juice,5.0,12.0,2
2023-11-17,juice,13.0,37.0,4
2023-11-18,juice,2.0,6.0,2
2023-11-19,juice,24.0,72.0,6
2023-11-20,juice,9.0,26.0,4
2023-11-21,juice,3.0,6.0,2
2023-11-22,juice,16.0,48.0,5
2023-11-23,juice,23.0,55.0,7
2023-11-24,juice,5.0,15.0,2
2023-11-25,juice,2.0,6.0,1
2023-11-26,juice,11.0,33.0,3
2023-11-27,juice,12.0,24.0,3
2023-11-28,juice,7.0,19.0,2
2023-11-29,juice,4.0,12.0,2
2023-11-30,juice,8.0,24.0,3
2023-12-01,juice,18.0,50.5,6
2023-12-02,juice,6.0,19.0,3
2023-12-03,juice,25.0,75.0,6
2023-12-04,juice,21.0,63.0,7
2023-12-05,juice,17.0,56.0,6
2023-12-06,juice,10.0,34.0,4
2023-12-07,juice,4.0,12.0,2
2023-12-08,juice,9.0,18.0,3
2023-12-09,juice,12.0,36.0,6
2023-12-10,juice,13.0,32.0,7
2023-12-11,juice,1.0,3.0,1
2023-12-12,juice,18.0,50.0,6
2023-12-13,juice,9.0,27.0,4
2023-12-14,juice,13.0,47.0,3
2023-12-15,juice,12.0,36.0,5
2023-12-16,juice,30.0,84.0,8
2023-12-17,juice,11.0,33.0,4
2023-12-18,juice,10.0,32.0,4
2023-12-19,juice,6.0,18.0,2
2023-12-20,juice,0.0,0.0,0
2023-12-21,juice,15.0,45.0,6
2023-12-22,juice,19.0,60.0,6
2023-12-23,juice,11.0,33.0,3
2023-12-24,juice,19.0,60.0,7
2023-12-25,juice,31.0,92.0,9
2023-12-26,juice,11.0,31.0,3
2023-12-27,juice,13.0,41.0,4
2023-12-28,juice,5.0,15.0,2
2023-12-29,juice,12.0,33.0,5
2023-12-30,juice,14.0,36.0,5
2023-12-31,juice,8.0,29.0,3
2023-01-01,salad,5.0,20.0,2
2023-01-02,salad,4.0,20.0,2
2023-01-03,salad,3.0,8.0,1
2023-01-04,salad,4.0,20.0,2
2023-01-05,salad,11.0,55.0,7
2023-01-06,salad,9.0,45.0,4
2023-01-07,salad,4.0,20.0,2
2023-01-08,salad,8.0,40.0,2
2023-01-09,salad,5.0,25.0,2
2023-01-10,salad,5.0,25.0,2
2023-01-11,salad,7.0,35.0,3
2023-01-12,salad,13.0,55.0,4
2023-01-13,salad,4.0,8.0,1
2023-01-14,salad,12.0,60.0,4
2023-01-15,salad,8.0,40.0,3
2023-01-16,salad,8.0,40.0,4
2023-01-17,salad,0.0,0.0,0
2023-01-18,salad,10.0,50.0,4
2023-01-19,salad,1.0,5.0,1
2023-01-20,salad,4.0,25.0,2
2023-01-21,salad,10.0,50.0,4
2023-01-22,salad,10.0,50.0,4
2023-01-23,salad,7.0,35.0,4
2023-01-24,salad,5.0,25.0,2
2023-01-25,salad,6.0,38.0,4
2023-01-26,salad,2.0,10.0,1
2023-01-27,salad,4.0,20.0,2
2023-01-28,salad,16.0,78.0,5
2023-01-29,salad,0.0,0.0,0
2023-01-30,salad,0.0,0.0,0
2023-01-31,salad,6.0,30.0,2
2023-02-01,salad,9.0,43.0,4
2023-02-02,salad,0.0,0.0,0
2023-02-03,salad,5.0,25.0,2
2023-02-04,salad,4.0,20.0,2
2023-02-05,salad,14.0,60.0,6
2023-02-06,salad,116.0,568.0,43
2023-02-07,salad,5.0,25.0,2
2023-02-08,salad,6.0,30.0,2
2023-02-09,salad,5.0,25.0,2
2023-02-10,salad,4.0,20.0,2
2023-02-11,salad,0.0,0.0,0
2023-02-12,salad,11.0,55.0,5
2023-02-13,salad,1.0,5.0,1
2023-02-14,salad,4.0,20.0,1
2023-02-15,salad,11.0,58.0,6
2023-02-16,salad,6.0,30.0,3
2023-02-17,salad,0.0,0.0,0
2023-02-18,salad,13.0,53.0,4
2023-02-19,salad,10.0,50.0,3
2023-02-20,salad,0.0,0.0,0
2023-02-21,salad,7.0,35.0,3
2023-02-22,salad,6.0,30.0,2
2023-02-23,salad,4.0,20.0,1
2023-02-24,salad,10.0,50.0,5
2023-02-25,salad,18.0,73.0,6
2023-02-26,salad,8.0,40.0,2
2023-02-27,salad,6.0,30.0,4
2023-02-28,salad,3.0,15.0,2
2023-03-01,salad,7.0,25.0,2
2023-03-02,salad,8.0,40.0,3
2023-03-03,salad,7.0,23.0,2
2023-03-04,salad,8.0,45.0,3
2023-03-05,salad,6.0,30.0,2
2023-03-06,salad,4.0,20.0,1
2023-03-07,salad,3.0,15.0,2
2023-03-08,salad,8.0,40.0,4
2023-03-09,salad,7.0,35.0,3
2023-03-10,salad,0.0,0.0,0
2023-03-11,salad,8.0,40.0,2
2023-03-12,salad,8.0,40.0,3
2023-03-13,salad,8.0,40.0,4
2023-03-14,salad,3.0,15.0,1
2023-03-15,salad,1.0,5.0,1
2023-03-16,salad,9.0,45.0,4
2023-03-17,salad,6.0,30.0,3
2023-03-18,salad,6.0,30.0,2
2023-03-19,salad,7.0,40.0,2
2023-03-20,salad,3.0,15.0,2
2023-03-21,salad,4.0,13.0,2
2023-03-22,salad,10.0,40.0,3
2023-03-23,salad,4.0,15.0,2
2023-03-24,salad,4.0,20.0,2
2023-03-25,salad,9.0,45.0,4
2023-03-26,salad,7.0,35.0,2
2023-03-27,salad,1.0,5.0,1
2023-03-28,salad,4.0,20.0,1
2023-03-29,salad,4.0,20.0,2
2023-03-30,salad,13.0,65.0,4
2023-03-31,salad,2.0,10.0,1
2023-04-01,salad,8.0,40.0,2
2023-04-02,salad,10.0,35.0,3
2023-04-03,salad,5.0,25.0,2
2023-04-04,salad,9.0,45.0,3
2023-04-05,salad,2.0,10.0,1
2023-04-06,salad,10.0,50.0,4
2023-04-07,salad,8.0,26.0,3
2023-04-08,salad,16.0,75.0,5
2023-04-09,salad,13.0,65.0,4
2023-04-10,salad,7.0,36.0,5
2023-04-11,salad,11.0,53.0,4
2023-04-12,salad,9.0,28.0,3
2023-04-13,salad,6.0,20.0,2
2023-04-14,salad,10.0,50.0,5
2023-04-15,salad,8.0,40.0,3
2023-04-16,salad,7.0,35.0,3
2023-04-17,salad,9.0,45.0,3
2023-04-18,salad,3.0,15.0,1
2023-04-19,salad,2.0,10.0,1
2023-04-20,salad,2.0,10.0,1
2023-04-21,salad,10.0,50.0,4
2023-04-22,salad,1.0,5.0,1
2023-04-23,salad,0.0,0.0,0
2023-04-24,salad,4.0,20.0,1
2023-04-25,salad,1.0,5.0,1
2023-04-26,salad,12.0,53.0,4
2023-04-27,salad,3.0,15.0,2
2023-04-28,salad,6.0,30.0,2
2023-04-29,salad,8.0,40.0,4
2023-04-30,salad,8.0,40.0,3
2023-05-01,salad,6.0,30.0,3
2023-05-02,salad,7.0,35.0,2
2023-05-03,salad,2.0,10.0,1
2023-05-04,salad,0.0,0.0,0
2023-05-05,salad,11.0,38.0,4
2023-05-06,salad,3.0,15.0,2
2023-05-07,salad,7.0,35.0,2
2023-05-08,salad,4.0,20.0,2
2023-05-09,salad,9.0,38.0,3
2023-05-10,salad,2.0,10.0,2
2023-05-11,salad,6.0,30.0,2
2023-05-12,salad,3.0,15.0,1
2023-05-13,salad,6.0,30.0,2
2023-05-14,salad,3.0,15.0,1
2023-05-15,salad,2.0,10.0,1
2023-05-16,salad,7.0,35.0,3
2023-05-17,salad,9.0,33.0,4
2023-05-18,salad,6.0,23.0,3
2023-05-19,salad,9.0,40.0,4
2023-05-20,salad,11.0,58.0,4
2023-05-21,salad,1.0,5.0,1
2023-05-22,salad,4.0,20.0,2
2023-05-23,salad,10.0,50.0,3
2023-05-24,salad,2.0,10.0,1
2023-05-25,salad,3.0,15.0,2
2023-05-26,salad,6.0,30.0,2
2023-05-27,salad,5.0,25.0,2
2023-05-28,salad,4.0,20.0,2
2023-05-29,salad,7.0,35.0,2
2023-05-30,salad,2.0,10.0,1
2023-05-31,salad,9.0,51.0,4
2023-06-01,salad,10.0,43.0,4
2023-06-02,salad,1.0,8.0,1
2023-06-03,salad,4.0,20.0,1
2023-06-04,salad,7.0,35.0,2
2023-06-05,salad,6.0,30.0,2
2023-06-06,salad,16.0,80.0,5
2023-06-07,salad,0.0,0.0,0
2023-06-08,salad,10.0,50.0,3
2023-06-09,salad,4.0,20.0,1
2023-06-10,salad,11.0,48.0,4
2023-06-11,salad,3.0,15.0,1
2023-06-12,salad,5.0,25.0,2
2023-06-13,salad,4.0,20.0,1
2023-06-14,salad,3.0,15.0,1
2023-06-15,salad,6.0,30.0,3
2023-06-16,salad,17.0,68.0,5
2023-06-17,salad,7.0,35.0,3
2023-06-18,salad,14.0,70.0,5
2023-06-19,salad,15.0,75.0,5
2023-06-20,salad,6.0,30.0,2
2023-06-21,salad,14.0,70.0,4
2023-06-22,salad,2.0,10.0,1
2023-06-23,salad,9.0,35.0,4
2023-06-24,salad,9.0,45.0,4
2023-06-25,salad,6.0,30.0,2
2023-06-26,salad,3.0,15.0,1
2023-06-27,salad,3.0,15.0,2
2023-06-28,salad,8.0,40.0,4
2023-06-29,salad,6.0,30.0,3
2023-06-30,salad,10.0,43.0,3
2023-07-01,salad,4.0,20.0,1
2023-07-02,salad,2.0,10.0,1
2023-07-03,salad,0.0,0.0,0
2023-07-04,salad,6.0,18.0,2
2023-07-05,salad,4.0,20.0,2
2023-07-06,salad,6.0,30.0,2
2023-07-07,salad,3.0,15.0,1
2023-07-08,salad,4.0,20.0,2
2023-07-09,salad,7.0,35.0,3
2023-07-10,salad,3.0,15.0,2
2023-07-11,salad,0.0,0.0,0
2023-07-12,salad,6.0,30.0,2
2023-07-13,salad,7.0,35.0,3
2023-07-14,salad,3.0,15.0,1
2023-07-15,salad,4.0,25.0,2
2023-07-16,salad,8.0,40.0,2
2023-07-17,salad,2.0,10.0,1
2023-07-18,salad,12.0,43.0,4
2023-07-19,salad,11.0,43.0,3
2023-07-20,salad,10.0,50.0,3
2023-07-21,salad,11.0,55.0,4
2023-07-22,salad,5.0,25.0,3
2023-07-23,salad,13.0,65.0,7
2023-07-24,salad,10.0,50.0,4
2023-07-25,salad,0.0,0.0,0
2023-07-26,salad,13.0,68.0,7
2023-07-27,salad,3.0,15.0,1
2023-07-28,salad,9.0,45.0,5
2023-07-29,salad,4.0,20.0,2
2023-07-30,salad,4.0,23.0,2
2023-07-31,salad,5.0,25.0,2
2023-08-01,salad,0.0,0.0,0
2023-08-02,salad,0.0,0.0,0
2023-08-03,salad,3.0,15.0,2
2023-08-04,salad,3.0,15.0,1
2023-08-05,salad,6.0,30.0,4
2023-08-06,salad,12.0,50.0,4
2023-08-07,salad,10.0,50.0,4
2023-08-08,salad,4.0,20.0,1
2023-08-09,salad,4.0,20.0,3
2023-08-10,salad,7.0,35.0,2
2023-08-11,salad,7.0,38.0,4
2023-08-12,salad,8.0,40.0,2
2023-08-13,salad,0.0,0.0,0
2023-08-14,salad,2.0,10.0,1
2023-08-15,salad,4.0,20.0,3
2023-08-16,salad,14.0,70.0,5
2023-08-17,salad,8.0,33.0,4
2023-08-18,salad,7.0,35.0,4
2023-08-19,salad,5.0,25.0,2
2023-08-20,salad,14.0,70.0,5
2023-08-21,salad,4.0,20.0,1
2023-08-22,salad,3.0,15.0,1
2023-08-23,salad,8.0,23.0,2
2023-08-24,salad,3.0,15.0,2
2023-08-25,salad,2.0,10.0,2
2023-08-26,salad,13.0,53.0,4
2023-08-27,salad,2.0,10.0,1
2023-08-28,salad,8.0,40.0,3
2023-08-29,salad,3.0,15.0,2
2023-08-30,salad,10.0,50.0,3
2023-08-31,salad,3.0,15.0,2
2023-09-01,salad,3.0,15.0,1
2023-09-02,salad,13.0,65.0,4
2023-09-03,salad,7.0,35.0,3
2023-09-04,salad,4.0,20.0,1
2023-09-05,salad,10.0,50.0,3
2023-09-06,salad,5.0,25.0,2
2023-09-07,salad,1.0,8.0,1
2023-09-08,salad,3.0,15.0,1
2023-09-09,salad,0.0,0.0,0
2023-09-10,salad,3.0,15.0,1
2023-09-11,salad,11.0,55.0,4
2023-09-12,salad,13.0,65.0,4
2023-09-13,salad,15.0,75.0,6
2023-09-14,salad,8.0,40.0,2
2023-09-15,salad,1.0,5.0,1
2023-09-16,salad,1.0,8.0,1
2023-09-17,salad,2.0,10.0,1
2023-09-18,salad,4.0,20.0,2
2023-09-19,salad,2.0,10.0,2
2023-09-20,salad,4.0,20.0,1
2023-09-21,salad,12.0,60.0,5
2023-09-22,salad,4.0,20.0,1
2023-09-23,salad,2.0,10.0,1
2023-09-24,salad,6.0,30.0,2
2023-09-25,salad,6.0,30.0,2
2023-09-26,salad,11.0,55.0,4
2023-09-27,salad,5.0,25.0,2
2023-09-28,salad,9.0,33.0,4
2023-09-29,salad,3.0,15.0,2
2023-09-30,salad,3.0,15.0,2
2023-10-01,salad,5.0,28.0,3
2023-10-02,salad,3.0,15.0,1
2023-10-03,salad,10.0,50.0,3
2023-10-04,salad,5.0,25.0,2
2023-10-05,salad,1.0,5.0,1
2023-10-06,salad,1.0,5.0,1
2023-10-07,salad,7.0,30.0,2
2023-10-08,salad,8.0,40.0,3
2023-10-09,salad,6.0,30.0,4
2023-10-10,salad,9.0,45.0,3
2023-10-11,salad,11.0,55.0,4
2023-10-12,salad,5.0,25.0,3
2023-10-13,salad,5.0,30.0,2
2023-10-14,salad,7.0,35.0,2
2023-10-15,salad,8.0,40.0,3
2023-10-16,salad,5.0,25.0,3
2023-10-17,salad,4.0,20.0,1
2023-10-18,salad,4.0,20.0,1
2023-10-19,salad,12.0,60.0,4
2023-10-20,salad,7.0,35.0,4
2023-10-21,salad,4.0,20.0,1
2023-10-22,salad,9.0,45.0,3
2023-10-23,salad,8.0,40.0,5
2023-10-24,salad,1.0,5.0,1
2023-10-25,salad,0.0,0.0,0
2023-10-26,salad,8.0,40.0,5
2023-10-27,salad,10.0,50.0,4
2023-10-28,salad,4.0,20.0,2
2023-10-29,salad,7.0,35.0,3
2023-10-30,salad,0.0,0.0,0
2023-10-31,salad,5.0,25.0,2
2023-11-01,salad,9.0,45.0,3
2023-11-02,salad,4.0,20.0,1
2023-11-03,salad,4.0,8.0,1
2023-11-04,salad,4.0,20.0,2
2023-11-05,salad,1.0,5.0,1
2023-11-06,salad,12.0,60.0,5
2023-11-07,salad,9.0,45.0,3
2023-11-08,salad,4.0,20.0,1
2023-11-09,salad,5.0,8.0,1
2023-11-10,salad,8.0,40.0,3
2023-11-11,salad,4.0,18.0,3
2023-11-12,salad,0.0,0.0,0
2023-11-13,salad,4.0,20.0,2
2023-11-14,salad,1.0,5.0,1
2023-11-15,salad,7.0,35.0,3
2023-11-16,salad,16.0,80.0,5
2023-11-17,salad,0.0,0.0,0
2023-11-18,salad,0.0,0.0,0
2023-11-19,salad,2.0,10.0,1
2023-11-20,salad,10.0,50.0,4
2023-11-21,salad,2.0,10.0,1
2023-11-22,salad,9.0,26.0,3
2023-11-23,salad,6.0,30.0,4
2023-11-24,salad,4.0,20.0,1
2023-11-25,salad,9.0,35.0,3
2023-11-26,salad,1.0,5.0,1
2023-11-27,salad,6.0,30.0,2
2023-11-28,salad,12.0,43.0,3
2023-11-29,salad,14.0,70.0,5
2023-11-30,salad,9.0,45.0,4
2023-12-01,salad,4.0,20.0,1
2023-12-02,salad,7.0,40.0,2
2023-12-03,salad,6.0,30.0,2
2023-12-04,salad,6.0,30.0,3
2023-12-05,salad,8.0,45.0,3
2023-12-06,salad,4.0,20.0,2
2023-12-07,salad,5.0,25.0,2
2023-12-08,salad,3.0,15.0,1
2023-12-09,salad,4.0,20.0,2
2023-12-10,salad,5.0,8.0,1
2023-12-11,salad,3.0,15.0,2
2023-12-12,salad,0.0,0.0,0
2023-12-13,salad,10.0,50.0,3
2023-12-14,salad,4.0,8.0,1
2023-12-15,salad,4.0,20.0,1
2023-12-16,salad,4.0,20.0,3
2023-12-17,salad,3.0,15.0,1
2023-12-18,salad,13.0,65.0,4
2023-12-19,salad,12.0,55.0,5
2023-12-20,salad,11.0,55.0,3
2023-12-21,salad,5.0,25.0,2
2023-12-22,salad,3.0,15.0,1
2023-12-23,salad,6.0,30.0,2
2023-12-24,salad,4.0,20.0,1
2023-12-25,salad,0.0,0.0,0
2023-12-26,salad,8.0,40.0,3
2023-12-27,salad,9.0,45.0,4
2023-12-28,salad,1.0,5.0,1
2023-12-29,salad,7.0,35.0,2
2023-12-30,salad,9.0,45.0,3
2023-12-31,salad,4.0,13.0,2
2023-01-01,sandwich,11.0,44.0,3
2023-01-02,sandwich,16.0,52.0,4
2023-01-03,sandwich,6.0,24.0,2
2023-01-04,sandwich,13.0,52.0,5
2023-01-05,sandwich,20.0,96.0,6
2023-01-06,sandwich,12.0,48.0,4
2023-01-07,sandwich,2.0,8.0,2
2023-01-08,sandwich,13.0,52.0,3
2023-01-09,sandwich,1.0,4.0,1
2023-01-10,sandwich,12.0,44.0,4
2023-01-11,sandwich,12.0,36.0,3
2023-01-12,sandwich,19.0,76.0,6
2023-01-13,sandwich,17.0,60.0,5
2023-01-14,sandwich,7.0,28.0,3
2023-01-15,sandwich,14.0,48.0,4
2023-01-16,sandwich,22.0,92.0,7
2023-01-17,sandwich,14.0,48.0,4
2023-01-18,sandwich,11.0,40.0,5
2023-01-19,sandwich,4.0,8.0,1
2023-01-20,sandwich,1.0,4.0,1
2023-01-21,sandwich,15.0,60.0,4
2023-01-22,sandwich,6.0,24.0,3
2023-01-23,sandwich,16.0,52.0,4
2023-01-24,sandwich,11.0,44.0,3
2023-01-25,sandwich,8.0,32.0,3
2023-01-26,sandwich,7.0,28.0,3
2023-01-27,sandwich,13.0,52.0,4
2023-01-28,sandwich,7.0,28.0,3
2023-01-29,sandwich,15.0,60.0,5
2023-01-30,sandwich,11.0,48.0,3
2023-01-31,sandwich,12.0,48.0,4
2023-02-01,sandwich,3.0,12.0,2
2023-02-02,sandwich,14.0,56.0,3
2023-02-03,sandwich,6.0,24.0,2
2023-02-04,sandwich,5.0,20.0,3
2023-02-05,sandwich,5.0,20.0,2
2023-02-06,sandwich,165.0,672.0,57
2023-02-07,sandwich,3.0,12.0,1
2023-02-08,sandwich,4.0,16.0,1
2023-02-09,sandwich,0.0,0.0,0
2023-02-10,sandwich,16.0,64.0,5
2023-02-11,sandwich,17.0,68.0,5
2023-02-12,sandwich,20.0,68.0,5
2023-02-13,sandwich,15.0,52.0,4
2023-02-14,sandwich,0.0,0.0,0
2023-02-15,sandwich,9.0,36.0,2
2023-02-16,sandwich,16.0,64.0,4
2023-02-17,sandwich,7.0,28.0,2
2023-02-18,sandwich,11.0,44.0,3
2023-02-19,sandwich,7.0,28.0,3
2023-02-20,sandwich,10.0,40.0,3
2023-02-21,sandwich,7.0,28.0,2
2023-02-22,sandwich,8.0,32.0,2
2023-02-23,sandwich,6.0,24.0,2
2023-02-24,sandwich,15.0,60.0,4
2023-02-25,sandwich,17.0,68.0,5
2023-02-26,sandwich,14.0,68.0,4
2023-02-27,sandwich,3.0,20.0,1
2023-02-28,sandwich,11.0,32.0,3
2023-03-01,sandwich,5.0,20.0,2
2023-03-02,sandwich,11.0,44.0,3
2023-03-03,sandwich,0.0,0.0,0
2023-03-04,sandwich,5.0,20.0,1
2023-03-05,sandwich,12.0,48.0,3
2023-03-06,sandwich,20.0,80.0,4
2023-03-07,sandwich,11.0,44.0,4
2023-03-08,sandwich,0.0,0.0,0
2023-03-09,sandwich,9.0,36.0,2
2023-03-10,sandwich,20.0,76.0,7
2023-03-11,sandwich,8.0,32.0,3
2023-03-12,sandwich,17.0,52.0,5
2023-03-13,sandwich,14.0,56.0,3
2023-03-14,sandwich,6.0,24.0,2
2023-03-15,sandwich,7.0,16.0,2
2023-03-16,sandwich,18.0,64.0,5
2023-03-17,sandwich,9.0,36.0,4
2023-03-18,sandwich,20.0,80.0,5
2023-03-19,sandwich,4.0,20.0,3
2023-03-20,sandwich,1.0,4.0,1
2023-03-21,sandwich,7.0,28.0,2
2023-03-22,sandwich,6.0,24.0,2
2023-03-23,sandwich,9.0,36.0,2
2023-03-24,sandwich,12.0,48.0,4
2023-03-25,sandwich,10.0,40.0,4
2023-03-26,sandwich,14.0,52.0,6
2023-03-27,sandwich,8.0,32.0,3
2023-03-28,sandwich,23.0,84.0,7
2023-03-29,sandwich,7.0,28.0,2
2023-03-30,sandwich,0.0,0.0,0
2023-03-31,sandwich,2.0,8.0,1
2023-04-01,sandwich,5.0,20.0,1
2023-04-02,sandwich,5.0,20.0,2
2023-04-03,sandwich,0.0,0.0,0
2023-04-04,sandwich,3.0,12.0,2
2023-04-05,sandwich,0.0,0.0,0
2023-04-06,sandwich,18.0,80.0,6
2023-04-07,sandwich,2.0,8.0,1
2023-04-08,sandwich,8.0,32.0,3
2023-04-09,sandwich,9.0,36.0,3
2023-04-10,sandwich,3.0,12.0,1
2023-04-11,sandwich,5.0,20.0,1
2023-04-12,sandwich,14.0,48.0,5
2023-04-13,sandwich,7.0,28.0,2
2023-04-14,sandwich,0.0,0.0,0
2023-04-15,sandwich,24.0,96.0,7
2023-04-16,sandwich,1.0,4.0,1
2023-04-17,sandwich,7.0,28.0,3
2023-04-18,sandwich,3.0,12.0,2
2023-04-19,sandwich,10.0,40.0,3
2023-04-20,sandwich,11.0,44.0,3
2023-04-21,sandwich,6.0,24.0,4
2023-04-22,sandwich,11.0,36.0,4
2023-04-23,sandwich,18.0,72.0,6
2023-04-24,sandwich,9.0,36.0,2
2023-04-25,sandwich,17.0,68.0,5
2023-04-26,sandwich,11.0,44.0,3
2023-04-27,sandwich,11.0,44.0,3
2023-04-28,sandwich,10.0,40.0,3
2023-04-29,sandwich,4.0,16.0,2
2023-04-30,sandwich,25.0,100.0,7
2023-05-01,sandwich,8.0,32.0,3
2023-05-02,sandwich,16.0,64.0,4
2023-05-03,sandwich,9.0,32.0,4
2023-05-04,sandwich,12.0,48.0,4
2023-05-05,sandwich,4.0,16.0,1
2023-05-06,sandwich,6.0,24.0,2
2023-05-07,sandwich,8.0,32.0,2
2023-05-08,sandwich,16.0,64.0,4
2023-05-09,sandwich,15.0,56.0,4
2023-05-10,sandwich,15.0,60.0,4
2023-05-11,sandwich,8.0,32.0,3
2023-05-12,sandwich,5.0,20.0,3
2023-05-13,sandwich,7.0,28.0,2
2023-05-14,sandwich,4.0,12.0,2
2023-05-15,sandwich,1.0,4.0,1
2023-05-16,sandwich,8.0,40.0,2
2023-05-17,sandwich,16.0,68.0,5
2023-05-18,sandwich,10.0,40.0,3
2023-05-19,sandwich,8.0,32.0,4
2023-05-20,sandwich,13.0,48.0,4
2023-05-21,sandwich,19.0,76.0,5
2023-05-22,sandwich,10.0,40.0,3
2023-05-23,sandwich,9.0,36.0,2
2023-05-24,sandwich,11.0,44.0,4
2023-05-25,sandwich,12.0,44.0,4
2023-05-26,sandwich,6.0,24.0,2
2023-05-27,sandwich,6.0,24.0,3
2023-05-28,sandwich,17.0,68.0,6
2023-05-29,sandwich,12.0,48.0,5
2023-05-30,sandwich,2.0,8.0,1
2023-05-31,sandwich,3.0,12.0,2
2023-06-01,sandwich,17.0,56.0,6
2023-06-02,sandwich,3.0,12.0,1
2023-06-03,sandwich,9.0,36.0,2
2023-06-04,sandwich,6.0,16.0,3
2023-06-05,sandwich,7.0,28.0,2
2023-06-06,sandwich,20.0,80.0,5
2023-06-07,sandwich,5.0,20.0,2
2023-06-08,sandwich,8.0,32.0,3
2023-06-09,sandwich,6.0,32.0,2
2023-06-10,sandwich,17.0,68.0,7
2023-06-11,sandwich,2.0,8.0,1
2023-06-12,sandwich,12.0,56.0,3
2023-06-13,sandwich,21.0,92.0,6
2023-06-14,sandwich,4.0,16.0,1
2023-06-15,sandwich,15.0,60.0,6
2023-06-16,sandwich,18.0,72.0,6
2023-06-17,sandwich,10.0,40.0,4
2023-06-18,sandwich,8.0,32.0,3
2023-06-19,sandwich,8.0,32.0,3
2023-06-20,sandwich,5.0,20.0,2
2023-06-21,sandwich,9.0,36.0,2
2023-06-22,sandwich,5.0,20.0,2
2023-06-23,sandwich,5.0,20.0,1
2023-06-24,sandwich,6.0,20.0,3
2023-06-25,sandwich,12.0,44.0,4
2023-06-26,sandwich,10.0,40.0,4
2023-06-27,sandwich,3.0,12.0,2
2023-06-28,sandwich,8.0,32.0,3
2023-06-29,sandwich,3.0,12.0,1
2023-06-30,sandwich,11.0,48.0,4
2023-07-01,sandwich,0.0,0.0,0
2023-07-02,sandwich,6.0,24.0,3
2023-07-03,sandwich,10.0,40.0,3
2023-07-04,sandwich,5.0,20.0,1
2023-07-05,sandwich,2.0,8.0,2
2023-07-06,sandwich,8.0,32.0,2
2023-07-07,sandwich,14.0,56.0,4
2023-07-08,sandwich,11.0,44.0,5
2023-07-09,sandwich,2.0,8.0,1
2023-07-10,sandwich,18.0,72.0,6
2023-07-11,sandwich,4.0,16.0,2
2023-07-12,sandwich,8.0,32.0,4
2023-07-13,sandwich,3.0,16.0,1
2023-07-14,sandwich,1.0,4.0,1
2023-07-15,sandwich,15.0,60.0,5
2023-07-16,sandwich,14.0,56.0,4
2023-07-17,sandwich,19.0,76.0,7
2023-07-18,sandwich,4.0,16.0,2
2023-07-19,sandwich,4.0,16.0,2
2023-07-20,sandwich,18.0,72.0,5
2023-07-21,sandwich,13.0,52.0,6
2023-07-22,sandwich,8.0,32.0,4
2023-07-23,sandwich,6.0,28.0,3
2023-07-24,sandwich,11.0,44.0,4
2023-07-25,sandwich,6.0,24.0,3
2023-07-26,sandwich,10.0,40.0,2
2023-07-27,sandwich,11.0,44.0,3
2023-07-28,sandwich,9.0,36.0,2
2023-07-29,sandwich,8.0,32.0,3
2023-07-30,sandwich,1.0,4.0,1
2023-07-31,sandwich,14.0,48.0,5
2023-08-01,sandwich,9.0,36.0,3
2023-08-02,sandwich,9.0,36.0,4
2023-08-03,sandwich,5.0,20.0,3
2023-08-04,sandwich,12.0,40.0,3
2023-08-05,sandwich,6.0,24.0,3
2023-08-06,sandwich,5.0,20.0,2
2023-08-07,sandwich,12.0,48.0,3
2023-08-08,sandwich,3.0,12.0,2
2023-08-09,sandwich,0.0,0.0,0
2023-08-10,sandwich,6.0,24.0,2
2023-08-11,sandwich,19.0,72.0,7
2023-08-12,sandwich,7.0,24.0,3
2023-08-13,sandwich,6.0,24.0,3
2023-08-14,sandwich,3.0,12.0,1
2023-08-15,sandwich,8.0,32.0,2
2023-08-16,sandwich,11.0,48.0,4
2023-08-17,sandwich,7.0,20.0,3
2023-08-18,sandwich,12.0,48.0,5
2023-08-19,sandwich,10.0,40.0,5
2023-08-20,sandwich,4.0,16.0,2
2023-08-21,sandwich,5.0,20.0,1
2023-08-22,sandwich,8.0,32.0,4
2023-08-23,sandwich,6.0,24.0,3
2023-08-24,sandwich,5.0,20.0,2
2023-08-25,sandwich,4.0,28.0,2
2023-08-26,sandwich,13.0,52.0,4
2023-08-27,sandwich,8.0,32.0,3
2023-08-28,sandwich,19.0,76.0,6
2023-08-29,sandwich,22.0,88.0,7
2023-08-30,sandwich,8.0,32.0,2
2023-08-31,sandwich,3.0,12.0,1
2023-09-01,sandwich,1.0,4.0,1
2023-09-02,sandwich,9.0,36.0,3
2023-09-03,sandwich,6.0,24.0,2
2023-09-04,sandwich,12.0,48.0,4
2023-09-05,sandwich,9.0,36.0,2
2023-09-06,sandwich,8.0,32.0,3
2023-09-07,sandwich,15.0,56.0,5
2023-09-08,sandwich,6.0,24.0,3
2023-09-09,sandwich,16.0,64.0,4
2023-09-10,sandwich,8.0,24.0,3
2023-09-11,sandwich,12.0,44.0,4
2023-09-12,sandwich,18.0,76.0,5
2023-09-13,sandwich,7.0,28.0,2
2023-09-14,sandwich,0.0,0.0,0
2023-09-15,sandwich,10.0,40.0,2
2023-09-16,sandwich,14.0,56.0,5
2023-09-17,sandwich,1.0,4.0,1
2023-09-18,sandwich,7.0,28.0,2
2023-09-19,sandwich,2.0,8.0,1
2023-09-20,sandwich,13.0,52.0,4
2023-09-21,sandwich,10.0,40.0,4
2023-09-22,sandwich,5.0,20.0,1
2023-09-23,sandwich,10.0,44.0,4
2023-09-24,sandwich,0.0,0.0,0
2023-09-25,sandwich,4.0,24.0,2
2023-09-26,sandwich,8.0,40.0,2
2023-09-27,sandwich,17.0,68.0,5
2023-09-28,sandwich,24.0,80.0,8
2023-09-29,sandwich,8.0,32.0,2
2023-09-30,sandwich,21.0,60.0,5
2023-10-01,sandwich,13.0,60.0,3
2023-10-02,sandwich,7.0,28.0,2
2023-10-03,sandwich,18.0,68.0,5
2023-10-04,sandwich,11.0,44.0,3
2023-10-05,sandwich,0.0,0.0,0
2023-10-06,sandwich,2.0,8.0,1
2023-10-07,sandwich,14.0,64.0,4
2023-10-08,sandwich,11.0,44.0,4
2023-10-09,sandwich,0.0,0.0,0
2023-10-10,sandwich,5.0,20.0,2
2023-10-11,sandwich,6.0,24.0,2
2023-10-12,sandwich,2.0,8.0,1
2023-10-13,sandwich,5.0,20.0,2
2023-10-14,sandwich,1.0,4.0,1
2023-10-15,sandwich,15.0,60.0,4
2023-10-16,sandwich,0.0,0.0,0
2023-10-17,sandwich,12.0,40.0,3
2023-10-18,sandwich,7.0,24.0,2
2023-10-19,sandwich,13.0,52.0,3
2023-10-20,sandwich,8.0,28.0,3
2023-10-21,sandwich,7.0,28.0,3
2023-10-22,sandwich,14.0,48.0,5
2023-10-23,sandwich,6.0,24.0,3
2023-10-24,sandwich,21.0,84.0,6
2023-10-25,sandwich,1.0,4.0,1
2023-10-26,sandwich,3.0,12.0,1
2023-10-27,sandwich,1.0,4.0,1
2023-10-28,sandwich,9.0,36.0,3
2023-10-29,sandwich,3.0,12.0,2
2023-10-30,sandwich,4.0,16.0,1
2023-10-31,sandwich,23.0,88.0,7
2023-11-01,sandwich,16.0,64.0,6
2023-11-02,sandwich,7.0,28.0,2
2023-11-03,sandwich,9.0,36.0,3
2023-11-04,sandwich,6.0,24.0,2
2023-11-05,sandwich,5.0,20.0,2
2023-11-06,sandwich,3.0,12.0,1
2023-11-07,sandwich,17.0,68.0,6
2023-11-08,sandwich,17.0,60.0,7
2023-11-09,sandwich,8.0,32.0,2
2023-11-10,sandwich,0.0,0.0,0
2023-11-11,sandwich,8.0,32.0,2
2023-11-12,sandwich,15.0,60.0,4
2023-11-13,sandwich,9.0,36.0,3
2023-11-14,sandwich,4.0,16.0,1
2023-11-15,sandwich,5.0,20.0,2
2023-11-16,sandwich,10.0,40.0,3
2023-11-17,sandwich,6.0,24.0,2
2023-11-18,sandwich,14.0,56.0,4
2023-11-19,sandwich,8.0,32.0,2
2023-11-20,sandwich,16.0,64.0,4
2023-11-21,sandwich,6.0,24.0,3
2023-11-22,sandwich,6.0,24.0,2
2023-11-23,sandwich,9.0,28.0,4
2023-11-24,sandwich,3.0,8.0,1
2023-11-25,sandwich,2.0,8.0,1
2023-11-26,sandwich,16.0,72.0,5
2023-11-27,sandwich,8.0,32.0,2
2023-11-28,sandwich,9.0,36.0,3
2023-11-29,sandwich,3.0,12.0,1
2023-11-30,sandwich,5.0,8.0,1
2023-12-01,sandwich,8.0,32.0,3
2023-12-02,sandwich,9.0,36.0,2
2023-12-03,sandwich,7.0,28.0,2
2023-12-04,sandwich,2.0,8.0,1
2023-12-05,sandwich,17.0,68.0,5
2023-12-06,sandwich,12.0,48.0,5
2023-12-07,sandwich,4.0,16.0,1
2023-12-08,sandwich,21.0,84.0,6
2023-12-09,sandwich,7.0,16.0,2
2023-12-10,sandwich,5.0,20.0,2
2023-12-11,sandwich,9.0,36.0,2
2023-12-12,sandwich,3.0,12.0,1
2023-12-13,sandwich,3.0,12.0,2
2023-12-14,sandwich,8.0,32.0,3
2023-12-15,sandwich,11.0,40.0,3
2023-12-16,sandwich,9.0,36.0,4
2023-12-17,sandwich,22.0,76.0,6
2023-12-18,sandwich,12.0,48.0,3
2023-12-19,sandwich,8.0,32.0,4
2023-12-20,sandwich,3.0,12.0,1
2023-12-21,sandwich,7.0,28.0,2
2023-12-22,sandwich,9.0,36.0,2
2023-12-23,sandwich,9.0,36.0,2
2023-12-24,sandwich,13.0,52.0,4
2023-12-25,sandwich,8.0,32.0,2
2023-12-26,sandwich,7.0,28.0,3
2023-12-27,sandwich,3.0,12.0,2
2023-12-28,sandwich,3.0,4.0,1
2023-12-29,sandwich,2.0,8.0,1
2023-12-30,sandwich,6.0,28.0,2
2023-12-31,sandwich,7.0,28.0,2
2023-01-01,smoothie,2.0,8.0,1
2023-01-02,smoothie,6.0,32.0,3
2023-01-03,smoothie,6.0,16.0,2
2023-01-04,smoothie,13.0,52.0,3
2023-01-05,smoothie,2.0,8.0,2
2023-01-06,smoothie,4.0,16.0,2
2023-01-07,smoothie,13.0,52.0,4
2023-01-08,smoothie,7.0,28.0,3
2023-01-09,smoothie,11.0,44.0,3
2023-01-10,smoothie,2.0,8.0,1
2023-01-11,smoothie,8.0,24.0,2
2023-01-12,smoothie,10.0,40.0,3
2023-01-13,smoothie,7.0,28.0,3
2023-01-14,smoothie,10.0,40.0,3
2023-01-15,smoothie,4.0,16.0,1
2023-01-16,smoothie,6.0,24.0,3
2023-01-17,smoothie,8.0,32.0,2
2023-01-18,smoothie,8.0,28.0,3
2023-01-19,smoothie,2.0,8.0,1
2023-01-20,smoothie,0.0,0.0,0
2023-01-21,smoothie,1.0,4.0,1
2023-01-22,smoothie,7.0,28.0,3
2023-01-23,smoothie,0.0,0.0,0
2023-01-24,smoothie,4.0,12.0,2
2023-01-25,smoothie,7.0,36.0,3
2023-01-26,smoothie,1.0,4.0,1
2023-01-27,smoothie,6.0,24.0,2
2023-01-28,smoothie,13.0,52.0,5
2023-01-29,smoothie,9.0,36.0,3
2023-01-30,smoothie,9.0,40.0,3
2023-01-31,smoothie,5.0,20.0,2
2023-02-01,smoothie,15.0,60.0,4
2023-02-02,smoothie,8.0,32.0,2
2023-02-03,smoothie,0.0,0.0,0
2023-02-04,smoothie,20.0,68.0,7
2023-02-05,smoothie,6.0,24.0,2
2023-02-06,smoothie,150.0,576.0,51
2023-02-07,smoothie,7.0,32.0,3
2023-02-08,smoothie,3.0,12.0,2
2023-02-09,smoothie,13.0,52.0,4
2023-02-10,smoothie,15.0,52.0,4
2023-02-11,smoothie,7.0,16.0,2
2023-02-12,smoothie,1.0,4.0,1
2023-02-13,smoothie,10.0,40.0,3
2023-02-14,smoothie,0.0,0.0,0
2023-02-15,smoothie,23.0,92.0,6
2023-02-16,smoothie,12.0,48.0,3
2023-02-17,smoothie,8.0,32.0,3
2023-02-18,smoothie,3.0,12.0,1
2023-02-19,smoothie,9.0,16.0,3
2023-02-20,smoothie,10.0,40.0,4
2023-02-21,smoothie,15.0,64.0,4
2023-02-22,smoothie,9.0,40.0,3
2023-02-23,smoothie,16.0,64.0,4
2023-02-24,smoothie,6.0,24.0,2
2023-02-25,smoothie,10.0,40.0,3
2023-02-26,smoothie,4.0,16.0,2
2023-02-27,smoothie,5.0,20.0,1
2023-02-28,smoothie,14.0,56.0,4
2023-03-01,smoothie,6.0,16.0,3
2023-03-02,smoothie,3.0,12.0,2
2023-03-03,smoothie,7.0,28.0,3
2023-03-04,smoothie,3.0,12.0,1
2023-03-05,smoothie,12.0,44.0,4
2023-03-06,smoothie,7.0,28.0,2
2023-03-07,smoothie,10.0,40.0,3
2023-03-08,smoothie,6.0,28.0,2
2023-03-09,smoothie,5.0,20.0,2
2023-03-10,smoothie,5.0,20.0,2
2023-03-11,smoothie,6.0,24.0,2
2023-03-12,smoothie,11.0,36.0,3
2023-03-13,smoothie,17.0,76.0,5
2023-03-14,smoothie,7.0,28.0,2
2023-03-15,smoothie,7.0,28.0,2
2023-03-16,smoothie,5.0,20.0,1
2023-03-17,smoothie,7.0,28.0,3
2023-03-18,smoothie,2.0,8.0,1
2023-03-19,smoothie,23.0,92.0,5
2023-03-20,smoothie,16.0,64.0,5
2023-03-21,smoothie,1.0,4.0,1
2023-03-22,smoothie,4.0,16.0,2
2023-03-23,smoothie,9.0,32.0,3
2023-03-24,smoothie,16.0,64.0,6
2023-03-25,smoothie,1.0,4.0,1
2023-03-26,smoothie,6.0,24.0,3
2023-03-27,smoothie,6.0,24.0,2
2023-03-28,smoothie,5.0,20.0,2
2023-03-29,smoothie,0.0,0.0,0
2023-03-30,smoothie,11.0,44.0,3
2023-03-31,smoothie,25.0,100.0,6
2023-04-01,smoothie,13.0,52.0,3
2023-04-02,smoothie,9.0,36.0,3
2023-04-03,smoothie,4.0,16.0,1
2023-04-04,smoothie,17.0,76.0,6
2023-04-05,smoothie,3.0,12.0,1
2023-04-06,smoothie,11.0,44.0,4
2023-04-07,smoothie,19.0,44.0,5
2023-04-08,smoothie,4.0,16.0,1
2023-04-09,smoothie,9.0,36.0,3
2023-04-10,smoothie,2.0,8.0,2
2023-04-11,smoothie,5.0,24.0,2
2023-04-12,smoothie,8.0,28.0,3
2023-04-13,smoothie,11.0,48.0,3
2023-04-14,smoothie,16.0,64.0,4
2023-04-15,smoothie,3.0,8.0,1
2023-04-16,smoothie,6.0,28.0,2
2023-04-17,smoothie,16.0,64.0,5
2023-04-18,smoothie,14.0,56.0,4
2023-04-19,smoothie,3.0,12.0,1
2023-04-20,smoothie,18.0,76.0,6
2023-04-21,smoothie,6.0,24.0,2
2023-04-22,smoothie,4.0,16.0,1
2023-04-23,smoothie,5.0,20.0,2
2023-04-24,smoothie,16.0,60.0,6
2023-04-25,smoothie,11.0,44.0,5
2023-04-26,smoothie,7.0,28.0,2
2023-04-27,smoothie,12.0,48.0,3
2023-04-28,smoothie,10.0,40.0,4
2023-04-29,smoothie,12.0,40.0,4
2023-04-30,smoothie,11.0,44.0,4
2023-05-01,smoothie,13.0,52.0,4
2023-05-02,smoothie,13.0,44.0,5
2023-05-03,smoothie,9.0,36.0,2
2023-05-04,smoothie,10.0,40.0,3
2023-05-05,smoothie,5.0,20.0,2
2023-05-06,smoothie,9.0,36.0,2
2023-05-07,smoothie,9.0,36.0,3
2023-05-08,smoothie,23.0,92.0,7
2023-05-09,smoothie,8.0,28.0,2
2023-05-10,smoothie,9.0,40.0,5
2023-05-11,smoothie,10.0,32.0,4
2023-05-12,smoothie,0.0,0.0,0
2023-05-13,smoothie,9.0,36.0,2
2023-05-14,smoothie,21.0,80.0,7
2023-05-15,smoothie,3.0,4.0,1
2023-05-16,smoothie,3.0,12.0,1
2023-05-17,smoothie,19.0,72.0,6
2023-05-18,smoothie,7.0,28.0,3
2023-05-19,smoothie,0.0,0.0,0
2023-05-20,smoothie,7.0,28.0,2
2023-05-21,smoothie,12.0,44.0,4
2023-05-22,smoothie,6.0,24.0,2
2023-05-23,smoothie,12.0,48.0,3
2023-05-24,smoothie,14.0,60.0,5
2023-05-25,smoothie,3.0,12.0,1
2023-05-26,smoothie,11.0,44.0,3
2023-05-27,smoothie,6.0,32.0,4
2023-05-28,smoothie,4.0,8.0,1
2023-05-29,smoothie,5.0,20.0,2
2023-05-30,smoothie,1.0,4.0,1
2023-05-31,smoothie,5.0,20.0,2
2023-06-01,smoothie,23.0,92.0,8
2023-06-02,smoothie,5.0,20.0,2
2023-06-03,smoothie,0.0,0.0,0
2023-06-04,smoothie,10.0,40.0,3
2023-06-05,smoothie,8.0,32.0,2
2023-06-06,smoothie,15.0,60.0,6
2023-06-07,smoothie,10.0,40.0,3
2023-06-08,smoothie,14.0,56.0,4
2023-06-09,smoothie,6.0,24.0,3
2023-06-10,smoothie,1.0,4.0,1
2023-06-11,smoothie,1.0,4.0,1
2023-06-12,smoothie,10.0,40.0,3
2023-06-13,smoothie,8.0,32.0,2
2023-06-14,smoothie,4.0,16.0,1
2023-06-15,smoothie,2.0,8.0,1
2023-06-16,smoothie,18.0,72.0,5
2023-06-17,smoothie,7.0,28.0,2
2023-06-18,smoothie,11.0,44.0,3
2023-06-19,smoothie,0.0,0.0,0
2023-06-20,smoothie,7.0,28.0,2
2023-06-21,smoothie,7.0,28.0,2
2023-06-22,smoothie,12.0,52.0,4
2023-06-23,smoothie,32.0,100.0,8
2023-06-24,smoothie,14.0,56.0,5
2023-06-25,smoothie,12.0,44.0,4
2023-06-26,smoothie,5.0,20.0,2
2023-06-27,smoothie,11.0,44.0,4
2023-06-28,smoothie,8.0,32.0,3
2023-06-29,smoothie,14.0,56.0,3
2023-06-30,smoothie,11.0,44.0,4
2023-07-01,smoothie,0.0,0.0,0
2023-07-02,smoothie,11.0,44.0,4
2023-07-03,smoothie,3.0,12.0,1
2023-07-04,smoothie,1.0,8.0,1
2023-07-05,smoothie,8.0,32.0,2
2023-07-06,smoothie,11.0,44.0,3
2023-07-07,smoothie,13.0,52.0,4
2023-07-08,smoothie,2.0,8.0,1
2023-07-09,smoothie,13.0,52.0,3
2023-07-10,smoothie,10.0,40.0,4
2023-07-11,smoothie,10.0,40.0,4
2023-07-12,smoothie,9.0,36.0,3
2023-07-13,smoothie,8.0,32.0,3
2023-07-14,smoothie,11.0,44.0,4
2023-07-15,smoothie,17.0,68.0,5
2023-07-16,smoothie,12.0,48.0,3
2023-07-17,smoothie,12.0,48.0,5
2023-07-18,smoothie,0.0,0.0,0
2023-07-19,smoothie,4.0,16.0,2
2023-07-20,smoothie,12.0,48.0,3
2023-07-21,smoothie,6.0,20.0,2
2023-07-22,smoothie,5.0,20.0,2
2023-07-23,smoothie,6.0,24.0,2
2023-07-24,smoothie,22.0,88.0,8
2023-07-25,smoothie,3.0,12.0,2
2023-07-26,smoothie,15.0,60.0,4
2023-07-27,smoothie,4.0,8.0,2
2023-07-28,smoothie,25.0,88.0,7
2023-07-29,smoothie,5.0,20.0,2
2023-07-30,smoothie,0.0,0.0,0
2023-07-31,smoothie,8.0,32.0,3
2023-08-01,smoothie,23.0,92.0,7
2023-08-02,smoothie,12.0,56.0,3
2023-08-03,smoothie,6.0,24.0,2
2023-08-04,smoothie,4.0,16.0,1
2023-08-05,smoothie,9.0,36.0,2
2023-08-06,smoothie,15.0,60.0,4
2023-08-07,smoothie,8.0,32.0,3
2023-08-08,smoothie,3.0,12.0,2
2023-08-09,smoothie,18.0,72.0,6
2023-08-10,smoothie,6.0,24.0,2
2023-08-11,smoothie,8.0,32.0,3
2023-08-12,smoothie,5.0,20.0,1
2023-08-13,smoothie,2.0,8.0,1
2023-08-14,smoothie,5.0,20.0,1
2023-08-15,smoothie,12.0,48.0,3
2023-08-16,smoothie,10.0,40.0,2
2023-08-17,smoothie,7.0,28.0,2
2023-08-18,smoothie,8.0,32.0,3
2023-08-19,smoothie,10.0,36.0,3
2023-08-20,smoothie,10.0,40.0,3
2023-08-21,smoothie,3.0,12.0,2
2023-08-22,smoothie,2.0,8.0,2
2023-08-23,smoothie,15.0,60.0,4
2023-08-24,smoothie,10.0,40.0,2
2023-08-25,smoothie,2.0,8.0,1
2023-08-26,smoothie,15.0,60.0,5
2023-08-27,smoothie,0.0,0.0,0
2023-08-28,smoothie,3.0,12.0,2
2023-08-29,smoothie,10.0,40.0,2
2023-08-30,smoothie,4.0,16.0,2
2023-08-31,smoothie,16.0,68.0,5
2023-09-01,smoothie,11.0,44.0,4
2023-09-02,smoothie,7.0,28.0,4
2023-09-03,smoothie,9.0,36.0,3
2023-09-04,smoothie,4.0,16.0,1
2023-09-05,smoothie,15.0,64.0,6
2023-09-06,smoothie,27.0,108.0,6
2023-09-07,smoothie,10.0,40.0,4
2023-09-08,smoothie,4.0,16.0,2
2023-09-09,smoothie,0.0,0.0,0
2023-09-10,smoothie,20.0,76.0,7
2023-09-11,smoothie,5.0,20.0,2
2023-09-12,smoothie,19.0,76.0,6
2023-09-13,smoothie,7.0,28.0,2
2023-09-14,smoothie,8.0,32.0,3
2023-09-15,smoothie,10.0,40.0,3
2023-09-16,smoothie,4.0,16.0,1
2023-09-17,smoothie,7.0,20.0,2
2023-09-18,smoothie,11.0,44.0,3
2023-09-19,smoothie,17.0,68.0,5
2023-09-20,smoothie,18.0,72.0,4
2023-09-21,smoothie,9.0,24.0,3
2023-09-22,smoothie,20.0,80.0,6
2023-09-23,smoothie,5.0,20.0,1
2023-09-24,smoothie,8.0,32.0,2
2023-09-25,smoothie,8.0,28.0,2
2023-09-26,smoothie,3.0,12.0,2
2023-09-27,smoothie,12.0,48.0,3
2023-09-28,smoothie,4.0,16.0,1
2023-09-29,smoothie,5.0,24.0,2
2023-09-30,smoothie,8.0,32.0,3
2023-10-01,smoothie,9.0,36.0,2
2023-10-02,smoothie,9.0,36.0,4
2023-10-03,smoothie,8.0,24.0,3
2023-10-04,smoothie,16.0,52.0,5
2023-10-05,smoothie,4.0,12.0,2
2023-10-06,smoothie,27.0,104.0,8
2023-10-07,smoothie,8.0,32.0,3
2023-10-08,smoothie,6.0,24.0,2
2023-10-09,smoothie,7.0,16.0,2
2023-10-10,smoothie,18.0,72.0,5
2023-10-11,smoothie,0.0,0.0,0
2023-10-12,smoothie,8.0,32.0,2
2023-10-13,smoothie,7.0,28.0,3
2023-10-14,smoothie,1.0,4.0,1
2023-10-15,smoothie,2.0,8.0,1
2023-10-16,smoothie,9.0,44.0,3
2023-10-17,smoothie,12.0,48.0,3
2023-10-18,smoothie,12.0,48.0,4
2023-10-19,smoothie,18.0,68.0,7
2023-10-20,smoothie,33.0,132.0,9
2023-10-21,smoothie,10.0,40.0,4
2023-10-22,smoothie,6.0,24.0,4
2023-10-23,smoothie,4.0,16.0,2
2023-10-24,smoothie,0.0,0.0,0
2023-10-25,smoothie,7.0,28.0,2
2023-10-26,smoothie,7.0,28.0,3
2023-10-27,smoothie,10.0,40.0,3
2023-10-28,smoothie,5.0,20.0,2
2023-10-29,smoothie,2.0,8.0,1
2023-10-30,smoothie,7.0,28.0,2
2023-10-31,smoothie,8.0,32.0,3
2023-11-01,smoothie,0.0,0.0,0
2023-11-02,smoothie,5.0,20.0,3
2023-11-03,smoothie,10.0,40.0,4
2023-11-04,smoothie,13.0,52.0,4
2023-11-05,smoothie,10.0,40.0,4
2023-11-06,smoothie,8.0,32.0,3
2023-11-07,smoothie,2.0,8.0,1
2023-11-08,smoothie,9.0,28.0,3
2023-11-09,smoothie,21.0,84.0,6
2023-11-10,smoothie,12.0,40.0,4
2023-11-11,smoothie,6.0,24.0,2
2023-11-12,smoothie,3.0,12.0,2
2023-11-13,smoothie,11.0,44.0,3
2023-11-14,smoothie,8.0,32.0,3
2023-11-15,smoothie,2.0,8.0,1
2023-11-16,smoothie,7.0,28.0,2
2023-11-17,smoothie,3.0,12.0,1
2023-11-18,smoothie,29.0,124.0,9
2023-11-19,smoothie,19.0,76.0,6
2023-11-20,smoothie,14.0,48.0,5
2023-11-21,smoothie,8.0,36.0,3
2023-11-22,smoothie,5.0,20.0,2
2023-11-23,smoothie,22.0,88.0,5
2023-11-24,smoothie,0.0,0.0,0
2023-11-25,smoothie,12.0,48.0,4
2023-11-26,smoothie,9.0,36.0,3
2023-11-27,smoothie,12.0,44.0,3
2023-11-28,smoothie,5.0,20.0,1
2023-11-29,smoothie,2.0,8.0,1
2023-11-30,smoothie,15.0,60.0,7
2023-12-01,smoothie,13.0,52.0,4
2023-12-02,smoothie,21.0,72.0,6
2023-12-03,smoothie,14.0,56.0,5
2023-12-04,smoothie,5.0,20.0,2
2023-12-05,smoothie,5.0,20.0,1
2023-12-06,smoothie,12.0,48.0,4
2023-12-07,smoothie,20.0,80.0,5
2023-12-08,smoothie,12.0,48.0,3
2023-12-09,smoothie,5.0,20.0,1
2023-12-10,smoothie,6.0,24.0,2
2023-12-11,smoothie,19.0,76.0,6
2023-12-12,smoothie,5.0,20.0,1
2023-12-13,smoothie,5.0,16.0,2
2023-12-14,smoothie,5.0,20.0,2
2023-12-15,smoothie,9.0,36.0,2
2023-12-16,smoothie,0.0,0.0,0
2023-12-17,smoothie,12.0,40.0,3
2023-12-18,smoothie,4.0,16.0,3
2023-12-19,smoothie,0.0,0.0,0
2023-12-20,smoothie,7.0,28.0,2
2023-12-21,smoothie,8.0,32.0,2
2023-12-22,smoothie,14.0,60.0,5
2023-12-23,smoothie,17.0,72.0,6
2023-12-24,smoothie,13.0,48.0,4
2023-12-25,smoothie,7.0,28.0,2
2023-12-26,smoothie,14.0,56.0,3
2023-12-27,smoothie,6.0,24.0,2
2023-12-28,smoothie,15.0,60.0,4
2023-12-29,smoothie,10.0,40.0,4
2023-12-30,smoothie,1.0,4.0,1
2023-12-31,smoothie,9.0,28.0,3
2023-01-01,tea,8.0,12.5,2
2023-01-02,tea,7.0,10.5,3
2023-01-03,tea,0.0,0.0,0
2023-01-04,tea,7.0,10.5,2
2023-01-05,tea,12.0,18.0,5
2023-01-06,tea,21.0,31.5,6
2023-01-07,tea,3.0,4.5,1
2023-01-08,tea,7.0,7.5,2
2023-01-09,tea,8.0,12.0,4
2023-01-10,tea,5.0,15.5,2
2023-01-11,tea,6.0,9.0,3
2023-01-12,tea,7.0,23.5,4
2023-01-13,tea,0.0,0.0,0
2023-01-14,tea,12.0,18.0,5
2023-01-15,tea,21.0,33.5,5
2023-01-16,tea,1.0,1.5,1
2023-01-17,tea,14.0,21.0,3
2023-01-18,tea,4.0,6.0,1
2023-01-19,tea,8.0,12.0,2
2023-01-20,tea,7.0,10.5,2
2023-01-21,tea,7.0,10.5,3
2023-01-22,tea,4.0,6.0,3
2023-01-23,tea,11.0,16.5,3
2023-01-24,tea,0.0,0.0,0
2023-01-25,tea,18.0,27.0,6
2023-01-26,tea,20.0,30.0,6
2023-01-27,tea,6.0,9.0,2
2023-01-28,tea,10.0,15.0,3
2023-01-29,tea,11.0,16.5,4
2023-01-30,tea,10.0,17.0,3
2023-01-31,tea,9.0,13.5,3
2023-02-01,tea,7.0,10.5,3
2023-02-02,tea,1.0,1.5,1
2023-02-03,tea,2.0,3.0,1
2023-02-04,tea,0.0,0.0,0
2023-02-05,tea,11.0,17.0,3
2023-02-06,tea,217.0,341.0,69
2023-02-07,tea,17.0,25.5,4
2023-02-08,tea,16.0,22.5,5
2023-02-09,tea,11.0,20.0,3
2023-02-10,tea,14.0,24.0,4
2023-02-11,tea,0.0,0.0,0
2023-02-12,tea,5.0,7.5,1
2023-02-13,tea,8.0,18.5,3
2023-02-14,tea,12.0,18.0,3
2023-02-15,tea,11.0,16.5,4
2023-02-16,tea,18.0,27.5,4
2023-02-17,tea,8.0,12.0,2
2023-02-18,tea,8.0,12.0,2
2023-02-19,tea,11.0,16.5,3
2023-02-20,tea,8.0,12.0,5
2023-02-21,tea,14.0,19.5,5
2023-02-22,tea,6.0,9.0,3
2023-02-23,tea,2.0,3.0,1
2023-02-24,tea,5.0,11.0,2
2023-02-25,tea,0.0,0.0,0
2023-02-26,tea,10.0,15.0,4
2023-02-27,tea,23.0,37.5,6
2023-02-28,tea,14.0,21.0,3
2023-03-01,tea,15.0,22.5,5
2023-03-02,tea,12.0,18.0,4
2023-03-03,tea,13.0,19.5,4
2023-03-04,tea,5.0,7.5,1
2023-03-05,tea,3.0,4.5,1
2023-03-06,tea,9.0,13.5,3
2023-03-07,tea,14.0,19.5,4
2023-03-08,tea,7.0,10.5,2
2023-03-09,tea,1.0,1.5,1
2023-03-10,tea,1.0,1.5,1
2023-03-11,tea,4.0,6.0,1
2023-03-12,tea,2.0,3.0,1
2023-03-13,tea,14.0,21.5,4
2023-03-14,tea,1.0,1.5,1
2023-03-15,tea,7.0,10.5,2
2023-03-16,tea,14.0,27.5,5
2023-03-17,tea,13.0,19.5,4
2023-03-18,tea,9.0,13.5,2
2023-03-19,tea,0.0,0.0,0
2023-03-20,tea,8.0,12.0,3
2023-03-21,tea,5.0,7.5,1
2023-03-22,tea,21.0,38.0,7
2023-03-23,tea,10.0,15.0,4
2023-03-24,tea,7.0,10.5,2
2023-03-25,tea,3.0,4.5,1
2023-03-26,tea,14.0,21.0,4
2023-03-27,tea,18.0,29.0,5
2023-03-28,tea,6.0,14.0,3
2023-03-29,tea,6.0,9.0,2
2023-03-30,tea,2.0,3.0,1
2023-03-31,tea,14.0,21.0,4
2023-04-01,tea,14.0,21.0,4
2023-04-02,tea,5.0,7.5,1
2023-04-03,tea,7.0,13.5,3
2023-04-04,tea,5.0,7.5,2
2023-04-05,tea,5.0,7.5,2
2023-04-06,tea,7.0,10.5,3
2023-04-07,tea,5.0,7.5,2
2023-04-08,tea,19.0,28.5,6
2023-04-09,tea,10.0,15.0,4
2023-04-10,tea,5.0,7.5,3
2023-04-11,tea,3.0,4.5,1
2023-04-12,tea,8.0,12.5,3
2023-04-13,tea,19.0,28.5,5
2023-04-14,tea,7.0,10.5,4
2023-04-15,tea,3.0,4.5,1
2023-04-16,tea,0.0,0.0,0
2023-04-17,tea,10.0,15.0,3
2023-04-18,tea,8.0,12.0,4
2023-04-19,tea,12.0,18.0,3
2023-04-20,tea,10.0,13.5,3
2023-04-21,tea,5.0,7.5,1
2023-04-22,tea,7.0,14.0,2
2023-04-23,tea,6.0,9.0,2
2023-04-24,tea,5.0,7.5,1
2023-04-25,tea,13.0,19.5,3
2023-04-26,tea,11.0,16.5,4
2023-04-27,tea,8.0,12.0,2
2023-04-28,tea,7.0,11.0,2
2023-04-29,tea,11.0,18.0,3
2023-04-30,tea,8.0,12.0,3
2023-05-01,tea,13.0,19.5,5
2023-05-02,tea,3.0,4.5,1
2023-05-03,tea,21.0,33.5,6
2023-05-04,tea,7.0,10.5,2
2023-05-05,tea,7.0,10.5,2
2023-05-06,tea,25.0,37.5,6
2023-05-07,tea,19.0,28.5,5
2023-05-08,tea,0.0,0.0,0
2023-05-09,tea,8.0,15.0,4
2023-05-10,tea,11.0,16.5,4
2023-05-11,tea,7.0,10.5,2
2023-05-12,tea,2.0,3.0,1
2023-05-13,tea,5.0,7.5,1
2023-05-14,tea,5.0,7.5,1
2023-05-15,tea,4.0,9.5,2
2023-05-16,tea,2.0,3.0,2
2023-05-17,tea,10.0,15.0,3
2023-05-18,tea,8.0,12.0,3
2023-05-19,tea,4.0,6.0,2
2023-05-20,tea,3.0,4.5,1
2023-05-21,tea,6.0,9.0,3
2023-05-22,tea,4.0,6.0,1
2023-05-23,tea,13.0,18.0,3
2023-05-24,tea,9.0,10.5,4
2023-05-25,tea,0.0,0.0,0
2023-05-26,tea,5.0,7.5,1
2023-05-27,tea,2.0,3.0,1
2023-05-28,tea,6.0,9.0,2
2023-05-29,tea,8.0,12.0,3
2023-05-30,tea,3.0,4.5,1
2023-05-31,tea,9.0,13.5,3
2023-06-01,tea,0.0,0.0,0
2023-06-02,tea,13.0,19.5,4
2023-06-03,tea,10.0,15.0,4
2023-06-04,tea,3.0,1.5,1
2023-06-05,tea,3.0,4.5,1
2023-06-06,tea,3.0,4.5,1
2023-06-07,tea,5.0,4.5,2
2023-06-08,tea,6.0,9.0,2
2023-06-09,tea,11.0,16.5,3
2023-06-10,tea,9.0,13.5,2
2023-06-11,tea,1.0,1.5,1
2023-06-12,tea,33.0,49.5,8
2023-06-13,tea,8.0,12.0,3
2023-06-14,tea,8.0,12.0,4
2023-06-15,tea,8.0,13.5,3
2023-06-16,tea,17.0,22.5,6
2023-06-17,tea,3.0,9.5,2
2023-06-18,tea,14.0,23.5,3
2023-06-19,tea,7.0,15.5,3
2023-06-20,tea,12.0,18.0,4
2023-06-21,tea,5.0,7.5,2
2023-06-22,tea,1.0,1.5,1
2023-06-23,tea,7.0,12.0,3
2023-06-24,tea,7.0,13.5,3
2023-06-25,tea,11.0,21.5,3
2023-06-26,tea,6.0,9.0,2
2023-06-27,tea,3.0,4.5,1
2023-06-28,tea,17.0,25.5,7
2023-06-29,tea,13.0,19.5,4
2023-06-30,tea,18.0,27.0,4
2023-07-01,tea,7.0,10.5,3
2023-07-02,tea,11.0,16.5,4
2023-07-03,tea,5.0,7.5,2
2023-07-04,tea,5.0,7.5,1
2023-07-05,tea,19.0,25.5,6
2023-07-06,tea,17.0,25.5,5
2023-07-07,tea,7.0,10.5,2
2023-07-08,tea,14.0,18.0,6
2023-07-09,tea,4.0,6.0,2
2023-07-10,tea,7.0,10.5,3
2023-07-11,tea,9.0,13.5,3
2023-07-12,tea,14.0,21.0,3
2023-07-13,tea,14.0,21.0,4
2023-07-14,tea,18.0,29.0,6
2023-07-15,tea,3.0,4.5,2
2023-07-16,tea,11.0,15.0,3
2023-07-17,tea,5.0,7.5,1
2023-07-18,tea,16.0,24.0,5
2023-07-19,tea,0.0,0.0,0
2023-07-20,tea,11.0,16.5,3
2023-07-21,tea,5.0,7.5,1
2023-07-22,tea,1.0,1.5,1
2023-07-23,tea,5.0,7.5,1
2023-07-24,tea,9.0,13.5,3
2023-07-25,tea,11.0,17.0,3
2023-07-26,tea,7.0,14.0,3
2023-07-27,tea,4.0,6.0,2
2023-07-28,tea,0.0,0.0,0
2023-07-29,tea,7.0,11.0,2
2023-07-30,tea,11.0,16.5,4
2023-07-31,tea,4.0,6.0,2
2023-08-01,tea,9.0,15.0,4
2023-08-02,tea,7.0,13.5,3
2023-08-03,tea,12.0,18.0,4
2023-08-04,tea,1.0,1.5,1
2023-08-05,tea,5.0,7.5,1
2023-08-06,tea,11.0,16.5,3
2023-08-07,tea,23.0,34.5,6
2023-08-08,tea,5.0,7.5,2
2023-08-09,tea,5.0,7.5,2
2023-08-10,tea,13.0,19.5,5
2023-08-11,tea,15.0,22.5,6
2023-08-12,tea,4.0,6.0,2
2023-08-13,tea,9.0,13.5,4
2023-08-14,tea,5.0,7.5,2
2023-08-15,tea,7.0,10.5,2
2023-08-16,tea,5.0,7.5,3
2023-08-17,tea,25.0,37.5,7
2023-08-18,tea,3.0,4.5,3
2023-08-19,tea,12.0,18.0,3
2023-08-20,tea,8.0,12.0,3
2023-08-21,tea,12.0,24.5,4
2023-08-22,tea,16.0,21.0,6
2023-08-23,tea,8.0,12.0,3
2023-08-24,tea,13.0,19.5,3
2023-08-25,tea,9.0,15.5,2
2023-08-26,tea,12.0,12.0,5
2023-08-27,tea,4.0,6.0,2
2023-08-28,tea,9.0,17.0,3
2023-08-29,tea,2.0,3.0,1
2023-08-30,tea,12.0,18.0,4
2023-08-31,tea,7.0,10.5,2
2023-09-01,tea,9.0,13.5,3
2023-09-02,tea,12.0,18.0,6
2023-09-03,tea,5.0,7.5,1
2023-09-04,tea,12.0,15.0,3
2023-09-05,tea,14.0,21.0,4
2023-09-06,tea,22.0,38.0,7
2023-09-07,tea,8.0,13.5,2
2023-09-08,tea,7.0,10.5,2
2023-09-09,tea,0.0,0.0,0
2023-09-10,tea,10.0,15.0,5
2023-09-11,tea,6.0,9.0,2
2023-09-12,tea,7.0,20.5,5
2023-09-13,tea,4.0,6.0,2
2023-09-14,tea,10.0,15.0,3
2023-09-15,tea,6.0,9.0,3
2023-09-16,tea,19.0,28.5,5
2023-09-17,tea,2.0,3.0,1
2023-09-18,tea,11.0,16.5,4
2023-09-19,tea,13.0,16.5,4
2023-09-20,tea,13.0,19.5,4
2023-09-21,tea,11.0,16.5,5
2023-09-22,tea,11.0,16.5,3
2023-09-23,tea,14.0,21.0,4
2023-09-24,tea,3.0,4.5,1
2023-09-25,tea,4.0,6.0,1
2023-09-26,tea,19.0,28.5,5
2023-09-27,tea,1.0,1.5,1
2023-09-28,tea,3.0,4.5,1
2023-09-29,tea,5.0,7.5,1
2023-09-30,tea,19.0,25.5,7
2023-10-01,tea,5.0,7.5,1
2023-10-02,tea,3.0,4.5,2
2023-10-03,tea,5.0,7.5,1
2023-10-04,tea,11.0,16.5,3
2023-10-05,tea,10.0,15.0,4
2023-10-06,tea,15.0,22.5,4
2023-10-07,tea,18.0,27.0,6
2023-10-08,tea,12.0,18.0,4
2023-10-09,tea,9.0,13.5,2
2023-10-10,tea,1.0,8.0,1
2023-10-11,tea,8.0,12.0,2
2023-10-12,tea,6.0,9.0,2
2023-10-13,tea,13.0,21.0,6
2023-10-14,tea,15.0,22.5,5
2023-10-15,tea,0.0,0.0,0
2023-10-16,tea,10.0,20.0,4
2023-10-17,tea,16.0,24.0,5
2023-10-18,tea,13.0,19.5,3
2023-10-19,tea,19.0,28.5,6
2023-10-20,tea,3.0,4.5,1
2023-10-21,tea,16.0,24.0,4
2023-10-22,tea,8.0,12.0,3
2023-10-23,tea,14.0,21.0,5
2023-10-24,tea,7.0,13.5,3
2023-10-25,tea,3.0,4.5,2
2023-10-26,tea,8.0,12.0,4
2023-10-27,tea,2.0,3.0,1
2023-10-28,tea,15.0,22.5,3
2023-10-29,tea,20.0,30.0,5
2023-10-30,tea,12.0,18.0,3
2023-10-31,tea,4.0,6.0,1
2023-11-01,tea,12.0,18.0,3
2023-11-02,tea,2.0,3.0,1
2023-11-03,tea,5.0,7.5,2
2023-11-04,tea,7.0,10.5,2
2023-11-05,tea,0.0,0.0,0
2023-11-06,tea,9.0,13.5,3
2023-11-07,tea,8.0,9.0,2
2023-11-08,tea,3.0,4.5,2
2023-11-09,tea,12.0,19.5,4
2023-11-10,tea,4.0,6.0,2
2023-11-11,tea,5.0,7.5,1
2023-11-12,tea,12.0,18.0,3
2023-11-13,tea,7.0,10.5,3
2023-11-14,tea,9.0,13.5,4
2023-11-15,tea,7.0,10.5,2
2023-11-16,tea,5.0,7.5,2
2023-11-17,tea,1.0,1.5,1
2023-11-18,tea,15.0,22.5,4
2023-11-19,tea,8.0,15.5,3
2023-11-20,tea,4.0,6.0,1
2023-11-21,tea,1.0,1.5,1
2023-11-22,tea,5.0,7.5,2
2023-11-23,tea,6.0,9.0,3
2023-11-24,tea,0.0,0.0,0
2023-11-25,tea,20.0,35.0,6
2023-11-26,tea,25.0,37.5,6
2023-11-27,tea,13.0,16.5,4
2023-11-28,tea,3.0,4.5,2
2023-11-29,tea,5.0,7.5,1
2023-11-30,tea,6.0,9.0,2
2023-12-01,tea,12.0,18.0,3
2023-12-02,tea,4.0,6.0,1
2023-12-03,tea,10.0,15.5,3
2023-12-04,tea,5.0,7.5,3
2023-12-05,tea,5.0,7.5,1
2023-12-06,tea,0.0,0.0,0
2023-12-07,tea,1.0,1.5,1
2023-12-08,tea,8.0,12.0,3
2023-12-09,tea,5.0,7.5,2
2023-12-10,tea,5.0,7.5,1
2023-12-11,tea,5.0,7.5,1
2023-12-12,tea,10.0,15.0,2
2023-12-13,tea,7.0,9.0,3
2023-12-14,tea,10.0,15.0,3
2023-12-15,tea,7.0,10.5,2
2023-12-16,tea,19.0,28.5,5
2023-12-17,tea,5.0,7.5,3
2023-12-18,tea,5.0,7.5,2
2023-12-19,tea,8.0,14.0,3
2023-12-20,tea,13.0,19.5,4
2023-12-21,tea,0.0,0.0,0
2023-12-22,tea,14.0,21.0,4
2023-12-23,tea,7.0,10.5,2
2023-12-24,tea,21.0,37.0,6
2023-12-25,tea,21.0,31.5,5
2023-12-26,tea,13.0,19.5,4
2023-12-27,tea,8.0,12.0,2
2023-12-28,tea,6.0,9.0,2
2023-12-29,tea,11.0,16.5,5
2023-12-30,tea,8.0,12.0,3
2023-12-31,tea,2.0,3.0,2
